Sample,Image,Cell,X,Y,Prediction,Confidence,Complete
57546,24,0,4720,169,0,0.979765,True
57546,24,1,1224,1519,0,0.98836,True
57546,24,2,1725,1533,0,0.995637,True
57546,24,3,1863,1862,0,0.990825,True
57546,24,4,3503,2358,0,0.992026,True
57546,24,5,3473,2557,0,0.990575,True
57546,24,6,3121,3428,0,0.992221,True
57546,24,7,3475,218,0,0.995069,True
57546,24,8,752,519,0,0.98838,True
57546,24,9,1845,596,1,0.99761,True
57546,24,10,4785,613,1,0.999555,True
57546,24,11,3101,897,0,0.989926,True
57546,24,12,5893,1172,0,0.994032,True
57546,24,13,3932,1976,0,0.990533,True
57546,24,14,5622,2459,0,0.994871,True
57546,24,15,1147,2776,1,0.999937,True
57546,24,16,4885,2942,0,0.982446,True
57546,24,17,5150,3047,0,0.992459,True
57546,24,18,456,3228,1,0.999925,True
57546,24,19,2236,200,0,0.984816,True
57546,24,20,85,556,0,0.993228,True
57546,24,21,1008,704,0,0.975209,True
57546,24,22,950,956,0,0.977892,True
57546,24,23,2365,980,0,0.982734,True
57546,24,24,391,1012,0,0.968042,True
57546,24,25,4174,1092,0,0.984983,True
57546,24,26,5090,1105,0,0.99566,True
57546,24,27,1472,1141,0,0.988669,True
57546,24,28,4002,1192,0,0.989266,True
57546,24,29,1654,1338,0,0.992409,True
57546,24,30,1365,1371,0,0.987713,True
57546,24,31,3078,1411,0,0.991032,True
57546,24,32,4999,1555,0,0.98854,True
57546,24,33,1819,1563,0,0.980795,True
57546,24,34,5866,1609,0,0.991636,True
57546,24,35,3556,1905,0,0.992174,True
57546,24,36,3435,2047,0,0.982994,True
57546,24,37,3720,2050,0,0.97861,True
57546,24,38,1001,2066,0,0.982588,True
57546,24,39,5256,2321,0,0.987182,True
57546,24,40,842,2347,0,0.982475,True
57546,24,41,1447,2480,0,0.991988,True
57546,24,42,5223,2554,0,0.989782,True
57546,24,43,900,2652,0,0.9716,True
57546,24,44,2148,2872,0,0.991406,True
57546,24,45,1841,3135,0,0.992364,True
57546,24,46,5447,3177,0,0.982497,True
57546,24,47,5343,3220,0,0.985848,True
57546,24,48,4541,3412,0,0.987957,True
57546,24,49,4266,3468,0,0.98622,True
57546,24,50,4638,3552,0,0.983355,True
57546,24,51,5131,3640,0,0.987848,True
57546,24,52,4221,3682,0,0.992132,True
57546,24,53,1633,107,0,0.988628,True
57546,24,54,4877,134,0,0.986356,True
57546,24,55,863,177,0,0.988267,True
57546,24,56,5261,231,0,0.991884,True
57546,24,57,4318,250,1,0.999489,True
57546,24,58,390,302,0,0.989317,True
57546,24,59,5091,331,1,0.99867,True
57546,24,60,4889,374,0,0.993283,True
57546,24,61,2416,427,0,0.992211,True
57546,24,62,1849,458,0,0.992867,True
57546,24,63,2918,526,0,0.993922,True
57546,24,64,4933,534,1,1.0,True
57546,24,65,1041,597,0,0.986243,True
57546,24,66,4941,636,0,0.984054,True
57546,24,67,1457,698,0,0.990235,True
57546,24,68,914,825,0,0.989278,True
57546,24,69,2896,855,0,0.980937,True
57546,24,70,950,1093,0,0.988559,True
57546,24,71,3701,1114,0,0.989669,True
57546,24,72,4356,1138,0,0.987629,True
57546,24,73,3882,1177,0,0.98165,True
57546,24,74,3193,1234,0,0.996235,True
57546,24,75,1371,1248,0,0.991978,True
57546,24,76,4994,1293,1,0.987818,True
57546,24,77,5570,1423,0,0.987894,True
57546,24,78,4167,1477,0,0.980813,True
57546,24,79,4045,1481,0,0.985384,True
57546,24,80,3317,1490,1,0.999884,True
57546,24,81,3071,1516,0,0.989121,True
57546,24,82,4729,1534,0,0.982517,True
57546,24,83,2564,1549,1,0.997276,True
57546,24,84,3845,1551,0,0.989956,True
57546,24,85,423,1580,0,0.994152,True
57546,24,86,2490,1598,0,0.990912,True
57546,24,87,1218,1611,0,0.984782,True
57546,24,88,4168,1625,1,0.98801,True
57546,24,89,2610,1685,0,0.975968,True
57546,24,90,2369,1720,0,0.992503,True
57546,24,91,4837,1736,0,0.989896,True
57546,24,92,2083,1743,0,0.989813,True
57546,24,93,4934,1790,0,0.984239,True
57546,24,94,5371,1798,0,0.989437,True
57546,24,95,5714,1808,0,0.9902,True
57546,24,96,3627,1999,0,0.989651,True
57546,24,97,3851,2002,0,0.993051,True
57546,24,98,5331,2014,0,0.992209,True
57546,24,99,2819,2067,0,0.994207,True
57546,24,100,4769,2073,0,0.989045,True
57546,24,101,5116,2087,0,0.995625,True
57546,24,102,2102,2239,0,0.996295,True
57546,24,103,882,2275,0,0.988638,True
57546,24,104,3953,2372,0,0.976409,True
57546,24,105,4244,2383,0,0.984912,True
57546,24,106,2754,2384,0,0.995051,True
57546,24,107,3650,2403,0,0.986923,True
57546,24,108,1881,2413,0,0.990032,True
57546,24,109,3171,2496,0,0.979486,True
57546,24,110,1127,2553,0,0.981626,True
57546,24,111,191,2555,0,0.983955,True
57546,24,112,5047,2724,0,0.959321,True
57546,24,113,3539,2828,0,0.989007,True
57546,24,114,4326,2853,0,0.993753,True
57546,24,115,3669,2887,0,0.984976,True
57546,24,116,2096,2945,0,0.986524,True
57546,24,117,3245,2960,0,0.991131,True
57546,24,118,2928,3016,0,0.995382,True
57546,24,119,364,3017,0,0.991628,True
57546,24,120,2740,3095,0,0.996577,True
57546,24,121,2629,3170,0,0.993351,True
57546,24,122,5073,3197,0,0.990846,True
57546,24,123,4762,3205,0,0.982068,True
57546,24,124,876,3223,0,0.992959,True
57546,24,125,1871,3264,0,0.984001,True
57546,24,126,1543,3270,0,0.995015,True
57546,24,127,3487,3270,0,0.990247,True
57546,24,128,3855,3291,0,0.977713,True
57546,24,129,1149,3330,0,0.990612,True
57546,24,130,2151,3461,0,0.995612,True
57546,24,131,3040,3679,0,0.988182,True
57546,24,132,2814,35,None,None,False
57546,24,133,4671,50,0,0.986082,True
57546,24,134,2068,85,0,0.994186,True
57546,24,135,1955,97,0,0.991197,True
57546,24,136,4501,109,0,0.987052,True
57546,24,137,3565,130,0,0.989477,True
57546,24,138,2979,142,0,0.991211,True
57546,24,139,4216,149,0,0.989544,True
57546,24,140,4070,165,0,0.989743,True
57546,24,141,5589,195,0,0.991558,True
57546,24,142,1575,221,0,0.986739,True
57546,24,143,2958,267,0,0.984087,True
57546,24,144,1644,280,0,0.99026,True
57546,24,145,4001,324,0,0.986849,True
57546,24,146,1912,330,0,0.984936,True
57546,24,147,2701,352,0,0.995217,True
57546,24,148,2947,380,0,0.992528,True
57546,24,149,2820,390,0,0.99175,True
57546,24,150,5255,428,0,0.985224,True
57546,24,151,64,444,0,0.987597,True
57546,24,152,2878,446,0,0.992376,True
57546,24,153,3718,478,0,0.995356,True
57546,24,154,5119,509,0,0.988706,True
57546,24,155,5847,612,0,0.978652,True
57546,24,156,1490,623,0,0.991378,True
57546,24,157,5390,645,1,0.983271,True
57546,24,158,5021,661,0,0.97472,True
57546,24,159,4640,669,0,0.993077,True
57546,24,160,3021,754,0,0.986201,True
57546,24,161,5324,755,0,0.995574,True
57546,24,162,422,784,1,0.99036,True
57546,24,163,1696,802,0,0.989852,True
57546,24,164,4387,806,0,0.989049,True
57546,24,165,4088,845,0,0.991948,True
57546,24,166,2718,885,0,0.988704,True
57546,24,167,847,898,0,0.989444,True
57546,24,168,4747,919,1,0.999997,True
57546,24,169,569,926,0,0.993757,True
57546,24,170,3537,935,1,0.999672,True
57546,24,171,5083,950,0,0.699283,True
57546,24,172,5625,979,0,0.990159,True
57546,24,173,2132,986,0,0.98745,True
57546,24,174,843,1003,0,0.986027,True
57546,24,175,4595,1032,0,0.989028,True
57546,24,176,4758,1061,0,0.995933,True
57546,24,177,5821,1070,0,0.977206,True
57546,24,178,4675,1092,0,0.985813,True
57546,24,179,3428,1096,0,0.990494,True
57546,24,180,1155,1107,0,0.987514,True
57546,24,181,2435,1116,0,0.995089,True
57546,24,182,3432,1223,0,0.993661,True
57546,24,183,2466,1257,0,0.991322,True
57546,24,184,4358,1278,0,0.997062,True
57546,24,185,3688,1316,0,0.994085,True
57546,24,186,221,1332,0,0.995868,True
57546,24,187,4856,1387,0,0.982895,True
57546,24,188,1594,1394,0,0.985021,True
57546,24,189,3538,1433,0,0.988731,True
57546,24,190,4670,1439,0,0.994567,True
57546,24,191,3238,1445,0,0.984057,True
57546,24,192,2642,1490,1,0.999985,True
57546,24,193,1302,1545,0,0.993188,True
57546,24,194,2830,1548,0,0.989223,True
57546,24,195,924,1565,0,0.985891,True
57546,24,196,3710,1583,0,0.982085,True
57546,24,197,3287,1599,0,0.987881,True
57546,24,198,1761,1629,0,0.97988,True
57546,24,199,3483,1631,0,0.996309,True
57546,24,200,2052,1648,1,0.848273,True
57546,24,201,1655,1668,0,0.988841,True
57546,24,202,1260,1687,0,0.992719,True
57546,24,203,1383,1710,0,0.990333,True
57546,24,204,1458,1778,0,0.99287,True
57546,24,205,4703,1795,0,0.982373,True
57546,24,206,5839,1831,0,0.984415,True
57546,24,207,3328,1859,0,0.983551,True
57546,24,208,3926,1869,0,0.983829,True
57546,24,209,4627,1899,0,0.977336,True
57546,24,210,3766,1947,0,0.977386,True
57546,24,211,1800,1959,0,0.995742,True
57546,24,212,2570,1978,0,0.986539,True
57546,24,213,2991,1994,0,0.991193,True
57546,24,214,1872,2014,0,0.987161,True
57546,24,215,2903,2042,0,0.990912,True
57546,24,216,5042,2045,0,0.991534,True
57546,24,217,3933,2061,0,0.983601,True
57546,24,218,5870,2067,0,0.985022,True
57546,24,219,797,2094,0,0.992467,True
57546,24,220,2014,2097,0,0.982036,True
57546,24,221,1931,2230,0,0.997355,True
57546,24,222,1775,2253,0,0.990973,True
57546,24,223,3636,2291,0,0.985063,True
57546,24,224,1683,2332,0,0.985853,True
57546,24,225,991,2346,0,0.993499,True
57546,24,226,1470,2364,0,0.989965,True
57546,24,227,5790,2394,0,0.989584,True
57546,24,228,1653,2437,0,0.980021,True
57546,24,229,4717,2489,0,0.98087,True
57546,24,230,5094,2502,0,0.985399,True
57546,24,231,5406,2511,0,0.985967,True
57546,24,232,600,2541,0,0.992189,True
57546,24,233,1567,2566,0,0.980763,True
57546,24,234,5527,2606,0,0.992061,True
57546,24,235,3516,2633,0,0.996608,True
57546,24,236,3666,2665,0,0.989163,True
57546,24,237,5474,2675,1,0.999733,True
57546,24,238,4288,2694,0,0.994416,True
57546,24,239,460,2709,0,0.988928,True
57546,24,240,3268,2710,0,0.994711,True
57546,24,241,4718,2712,0,0.989338,True
57546,24,242,65,2723,0,0.986476,True
57546,24,243,4443,2740,0,0.990015,True
57546,24,244,2051,2751,0,0.972596,True
57546,24,245,4096,2756,0,0.982465,True
57546,24,246,2789,2760,1,0.998232,True
57546,24,247,5172,2787,0,0.98592,True
57546,24,248,3264,2803,0,0.990425,True
57546,24,249,5006,2813,0,0.987595,True
57546,24,250,1820,2815,0,0.99013,True
57546,24,251,5103,2826,0,0.992733,True
57546,24,252,4489,2971,0,0.991075,True
57546,24,253,3057,2976,1,0.999741,True
57546,24,254,4004,2982,0,0.993088,True
57546,24,255,1609,2990,0,0.990162,True
57546,24,256,704,3006,0,0.969955,True
57546,24,257,2222,3017,0,0.992542,True
57546,24,258,3827,3035,0,0.993652,True
57546,24,259,50,3112,0,0.990832,True
57546,24,260,3649,3144,0,0.985829,True
57546,24,261,3554,3168,0,0.992542,True
57546,24,262,3735,3172,0,0.984954,True
57546,24,263,2097,3186,0,0.991047,True
57546,24,264,1493,3195,0,0.804907,True
57546,24,265,4067,3231,0,0.980177,True
57546,24,266,43,3238,0,0.979055,True
57546,24,267,3097,3257,0,0.988342,True
57546,24,268,5141,3319,0,0.974615,True
57546,24,269,3053,3322,0,0.989522,True
57546,24,270,493,3341,0,0.951631,True
57546,24,271,5058,3345,0,0.996871,True
57546,24,272,2923,3355,0,0.986171,True
57546,24,273,3825,3371,1,0.998821,True
57546,24,274,372,3381,0,0.993047,True
57546,24,275,3281,3393,0,0.988666,True
57546,24,276,2704,3398,0,0.986314,True
57546,24,277,3947,3418,0,0.992808,True
57546,24,278,225,3454,0,0.990194,True
57546,24,279,4970,3461,0,0.994875,True
57546,24,280,5487,3497,0,0.972734,True
57546,24,281,1496,3501,0,0.980342,True
57546,24,282,3551,3504,0,0.981515,True
57546,24,283,5619,3526,0,0.983504,True
57546,24,284,610,3529,0,0.989566,True
57546,24,285,42,3531,0,0.991015,True
57546,24,286,1562,3565,0,0.982282,True
57546,24,287,1045,3577,0,0.996028,True
57546,24,288,2727,3614,0,0.985575,True
57546,24,289,585,3638,0,0.990429,True
57546,24,290,2651,3642,0,0.994151,True
57546,24,291,2963,3665,0,0.992473,True
57546,24,292,3278,3693,0,0.986992,True
57546,24,293,4968,42,0,0.992441,True
57546,24,294,3440,44,1,0.989656,True
57546,24,295,4130,117,0,0.991123,True
57546,24,296,2455,128,0,0.978721,True
57546,24,297,1055,140,0,0.98219,True
57546,24,298,3236,141,0,0.958911,True
57546,24,299,1154,219,0,0.986199,True
57546,24,300,1067,230,0,0.969666,True
57546,24,301,2844,234,0,0.993225,True
57546,24,302,4573,267,0,0.988827,True
57546,24,303,914,274,0,0.994628,True
57546,24,304,2214,288,0,0.987967,True
57546,24,305,5336,323,0,0.989184,True
57546,24,306,3615,345,0,0.982637,True
57546,24,307,4576,349,0,0.978762,True
57546,24,308,4807,351,0,0.93541,True
57546,24,309,3141,360,0,0.914156,True
57546,24,310,2039,366,0,0.99511,True
57546,24,311,356,383,0,0.993432,True
57546,24,312,5183,395,0,0.974177,True
57546,24,313,3580,416,0,0.993314,True
57546,24,314,5621,424,0,0.991374,True
57546,24,315,1220,445,0,0.986708,True
57546,24,316,5872,446,1,0.998135,True
57546,24,317,2042,448,0,0.890875,True
57546,24,318,4932,452,0,0.986633,True
57546,24,319,1640,472,0,0.997018,True
57546,24,320,5043,485,0,0.987874,True
57546,24,321,2115,486,0,0.988109,True
57546,24,322,5723,499,1,0.994476,True
57546,24,323,2195,500,0,0.982828,True
57546,24,324,260,503,0,0.975586,True
57546,24,325,5351,516,0,0.984518,True
57546,24,326,5266,522,0,0.985088,True
57546,24,327,175,525,0,0.981044,True
57546,24,328,4210,525,0,0.995507,True
57546,24,329,5187,566,0,0.980878,True
57546,24,330,5473,597,0,0.984988,True
57546,24,331,4466,599,0,0.984856,True
57546,24,332,937,606,0,0.979465,True
57546,24,333,750,631,0,0.951984,True
57546,24,334,2055,664,0,0.994643,True
57546,24,335,1089,666,0,0.992053,True
57546,24,336,5109,686,0,0.992785,True
57546,24,337,1347,695,0,0.987986,True
57546,24,338,2783,723,0,0.986035,True
57546,24,339,4455,723,0,0.656453,True
57546,24,340,2190,734,0,0.990877,True
57546,24,341,2944,734,0,0.99034,True
57546,24,342,1640,736,0,0.986958,True
57546,24,343,5482,777,0,0.988212,True
57546,24,344,3589,780,0,0.990743,True
57546,24,345,2418,787,0,0.989161,True
57546,24,346,3839,795,0,0.987854,True
57546,24,347,4873,821,0,0.990009,True
57546,24,348,4505,828,0,0.982576,True
57546,24,349,3410,831,0,0.990433,True
57546,24,350,5372,831,0,0.979287,True
57546,24,351,5275,837,0,0.979529,True
57546,24,352,4789,838,0,0.979551,True
57546,24,353,5784,844,0,0.992288,True
57546,24,354,463,866,0,0.978034,True
57546,24,355,4628,878,0,0.984512,True
57546,24,356,4356,900,0,0.984673,True
57546,24,357,4933,903,0,0.98033,True
57546,24,358,46,908,0,0.988509,True
57546,24,359,5442,910,0,0.986087,True
57546,24,360,5715,923,0,0.99219,True
57546,24,361,3736,932,0,0.988617,True
57546,24,362,1598,959,0,0.989582,True
57546,24,363,2772,975,0,0.990587,True
57546,24,364,5458,1005,0,0.983446,True
57546,24,365,3823,1012,0,0.98432,True
57546,24,366,5538,1017,0,0.991925,True
57546,24,367,3529,1060,1,0.999642,True
57546,24,368,5433,1085,0,0.990211,True
57546,24,369,3854,1104,0,0.991401,True
57546,24,370,5617,1163,0,0.988805,True
57546,24,371,5371,1177,0,0.982292,True
57546,24,372,3644,1186,0,0.985592,True
57546,24,373,3938,1246,0,0.994077,True
57546,24,374,4851,1263,0,0.988676,True
57546,24,375,4601,1274,0,0.993737,True
57546,24,376,4011,1290,0,0.994211,True
57546,24,377,535,1305,0,0.987372,True
57546,24,378,2381,1306,0,0.992432,True
57546,24,379,3238,1307,0,0.992546,True
57546,24,380,1149,1310,0,0.985012,True
57546,24,381,2291,1337,0,0.994114,True
57546,24,382,3606,1343,0,0.844019,True
57546,24,383,4567,1354,0,0.986035,True
57546,24,384,5155,1360,1,0.765148,True
57546,24,385,3882,1397,0,0.982669,True
57546,24,386,1185,1401,0,0.97997,True
57546,24,387,4420,1404,0,0.98653,True
57546,24,388,3959,1429,0,0.967328,True
57546,24,389,2733,1454,0,0.982884,True
57546,24,390,4367,1468,0,0.980808,True
57546,24,391,5489,1474,0,0.990767,True
57546,24,392,2983,1529,0,0.994679,True
57546,24,393,5400,1587,0,0.990406,True
57546,24,394,4322,1589,1,0.997577,True
57546,24,395,845,1593,0,0.996734,True
57546,24,396,4954,1630,0,0.98456,True
57546,24,397,3102,1639,0,0.876113,True
57546,24,398,3647,1646,0,0.993796,True
57546,24,399,2185,1671,0,0.98809,True
57546,24,400,3810,1678,0,0.975379,True
57546,24,401,3717,1692,0,0.992439,True
57546,24,402,4359,1700,0,0.982271,True
57546,24,403,4939,1705,0,0.976723,True
57546,24,404,3473,1711,0,0.98648,True
57546,24,405,3010,1718,0,0.994003,True
57546,24,406,2843,1746,0,0.985415,True
57546,24,407,5630,1749,0,0.986968,True
57546,24,408,41,1758,0,0.978395,True
57546,24,409,1059,1762,0,0.986117,True
57546,24,410,5910,1781,0,0.982273,True
57546,24,411,4621,1786,0,0.978536,True
57546,24,412,791,1789,0,0.994354,True
57546,24,413,5082,1800,0,0.987221,True
57546,24,414,3479,1809,0,0.989601,True
57546,24,415,2135,1817,0,0.995152,True
57546,24,416,3226,1837,0,0.989295,True
57546,24,417,708,1840,0,0.992131,True
57546,24,418,479,1884,0,0.98545,True
57546,24,419,2623,1904,0,0.980627,True
57546,24,420,3297,1974,0,0.993083,True
57546,24,421,4368,1993,0,0.993559,True
57546,24,422,2466,2067,0,0.991146,True
57546,24,423,5426,2075,0,0.980671,True
57546,24,424,3074,2084,0,0.992604,True
57546,24,425,3183,2095,0,0.984583,True
57546,24,426,3575,2112,0,0.98526,True
57546,24,427,5327,2142,0,0.984263,True
57546,24,428,5026,2177,0,0.988533,True
57546,24,429,4086,2214,0,0.985846,True
57546,24,430,1131,2227,0,0.983472,True
57546,24,431,3712,2234,0,0.990779,True
57546,24,432,4164,2241,0,0.995308,True
57546,24,433,3538,2242,0,0.993672,True
57546,24,434,1629,2254,0,0.973022,True
57546,24,435,774,2271,0,0.963316,True
57546,24,436,1051,2285,0,0.984546,True
57546,24,437,4673,2303,0,0.983596,True
57546,24,438,4975,2305,0,0.990145,True
57546,24,439,2017,2329,0,0.982572,True
57546,24,440,2688,2332,0,0.996012,True
57546,24,441,5095,2360,0,0.989884,True
57546,24,442,2988,2380,0,0.986706,True
57546,24,443,1289,2381,0,0.988367,True
57546,24,444,5375,2402,0,0.983562,True
57546,24,445,3433,2407,0,0.978074,True
57546,24,446,5867,2408,0,0.993568,True
57546,24,447,2670,2432,0,0.868929,True
57546,24,448,4646,2453,0,0.981669,True
57546,24,449,5730,2454,0,0.995593,True
57546,24,450,2598,2471,0,0.989013,True
57546,24,451,2181,2474,0,0.994341,True
57546,24,452,2440,2474,0,0.991339,True
57546,24,453,3991,2481,1,0.999972,True
57546,24,454,4851,2495,0,0.987883,True
57546,24,455,5330,2514,0,0.982575,True
57546,24,456,1950,2527,0,0.98345,True
57546,24,457,1808,2533,0,0.992643,True
57546,24,458,405,2546,0,0.98206,True
57546,24,459,3927,2549,0,0.988656,True
57546,24,460,3392,2554,0,0.994485,True
57546,24,461,2762,2574,0,0.989505,True
57546,24,462,4202,2579,0,0.970876,True
57546,24,463,2690,2602,0,0.990154,True
57546,24,464,1890,2625,0,0.988818,True
57546,24,465,5284,2627,0,0.985063,True
57546,24,466,2365,2634,0,0.986565,True
57546,24,467,1167,2658,0,0.991823,True
57546,24,468,2507,2667,1,0.999829,True
57546,24,469,5111,2671,0,0.974617,True
57546,24,470,4368,2690,1,0.909089,True
57546,24,471,3994,2700,0,0.989897,True
57546,24,472,1055,2715,0,0.98535,True
57546,24,473,3115,2726,0,0.987498,True
57546,24,474,5569,2743,0,0.99095,True
57546,24,475,4179,2784,0,0.988536,True
57546,24,476,1996,2803,0,0.992847,True
57546,24,477,5356,2803,0,0.986615,True
57546,24,478,4538,2824,0,0.989998,True
57546,24,479,4040,2837,0,0.981457,True
57546,24,480,3336,2838,0,0.979892,True
57546,24,481,620,2845,0,0.992816,True
57546,24,482,4703,2850,0,0.995515,True
57546,24,483,4946,2875,0,0.984331,True
57546,24,484,1106,2887,0,0.827866,True
57546,24,485,1859,2888,0,0.983391,True
57546,24,486,553,2892,0,0.975234,True
57546,24,487,1571,2918,0,0.991409,True
57546,24,488,2009,2942,0,0.98757,True
57546,24,489,5778,2963,0,0.950641,True
57546,24,490,2332,2982,0,0.978636,True
57546,24,491,4795,2989,0,0.993511,True
57546,24,492,1306,3015,0,0.983728,True
57546,24,493,3544,3023,0,0.989151,True
57546,24,494,4872,3023,0,0.974982,True
57546,24,495,880,3069,0,0.990746,True
57546,24,496,1217,3073,0,0.993637,True
57546,24,497,801,3083,0,0.985674,True
57546,24,498,2088,3087,0,0.995809,True
57546,24,499,482,3142,0,0.967202,True
57546,24,500,1547,3146,0,0.983428,True
57546,24,501,2795,3150,0,0.994696,True
57546,24,502,2250,3169,0,0.98528,True
57546,24,503,1363,3194,0,0.994236,True
57546,24,504,5599,3252,0,0.98523,True
57546,24,505,3010,3259,1,0.987365,True
57546,24,506,1993,3268,0,0.97781,True
57546,24,507,4004,3287,0,0.986407,True
57546,24,508,1242,3309,0,0.990046,True
57546,24,509,2118,3321,0,0.987153,True
57546,24,510,3934,3332,0,0.992796,True
57546,24,511,3002,3378,0,0.994892,True
57546,24,512,3660,3399,0,0.993086,True
57546,24,513,1887,3404,0,0.980769,True
57546,24,514,3398,3438,0,0.985196,True
57546,24,515,1702,3442,0,0.993207,True
57546,24,516,3475,3451,0,0.988344,True
57546,24,517,2307,3452,0,0.990319,True
57546,24,518,2982,3468,0,0.993391,True
57546,24,519,5876,3476,0,0.980163,True
57546,24,520,3060,3483,0,0.975637,True
57546,24,521,3268,3512,0,0.980275,True
57546,24,522,1713,3525,0,0.994034,True
57546,24,523,4531,3528,0,0.994662,True
57546,24,524,5281,3545,0,0.986227,True
57546,24,525,3028,3557,0,0.991444,True
57546,24,526,5035,3563,0,0.979548,True
57546,24,527,1217,3564,0,0.9846,True
57546,24,528,3418,3572,0,0.990832,True
57546,24,529,2954,3578,0,0.993659,True
57546,24,530,384,3582,0,0.982374,True
57546,24,531,2248,3605,0,0.988949,True
57546,24,532,926,3611,0,0.991683,True
57546,24,533,1531,3635,0,0.968681,True
57546,24,534,4506,3640,0,0.9746,True
57546,24,535,2567,3647,0,0.99291,True
57546,24,536,3535,3666,0,0.987669,True
57546,24,537,2178,44,0,0.987819,True
57546,24,538,3954,46,0,0.989275,True
57546,24,539,4894,46,0,0.988178,True
57546,24,540,4036,47,0,0.992787,True
57546,24,541,4570,47,0,0.989486,True
57546,24,542,1428,53,0,0.99,True
57546,24,543,4816,69,0,0.987387,True
57546,24,544,5669,76,0,0.978392,True
57546,24,545,999,84,0,0.975814,True
57546,24,546,856,85,1,0.93024,True
57546,24,547,5083,88,0,0.983808,True
57546,24,548,3489,98,0,0.992404,True
57546,24,549,179,118,0,0.994395,True
57546,24,550,3384,125,0,0.990473,True
57546,24,551,3877,126,1,0.993844,True
57546,24,552,4635,165,0,0.986801,True
57546,24,553,2095,167,0,0.987947,True
57546,24,554,2346,167,0,0.99015,True
57546,24,555,1313,175,0,0.986601,True
57546,24,556,3023,207,0,0.981712,True
57546,24,557,469,208,0,0.982854,True
57546,24,558,2152,220,0,0.987698,True
57546,24,559,5155,222,0,0.985877,True
57546,24,560,3246,223,0,0.974663,True
57546,24,561,4173,237,0,0.954481,True
57546,24,562,4669,252,0,0.990795,True
57546,24,563,728,259,0,0.67396,True
57546,24,564,644,265,0,0.989372,True
57546,24,565,2585,269,1,0.999446,True
57546,24,566,4750,270,0,0.985653,True
57546,24,567,3519,285,0,0.994853,True
57546,24,568,2104,327,0,0.990388,True
57546,24,569,4375,330,0,0.992191,True
57546,24,570,3019,331,0,0.981131,True
57546,24,571,1826,339,0,0.9932,True
57546,24,572,681,343,0,0.986987,True
57546,24,573,3784,352,0,0.986846,True
57546,24,574,5745,376,0,0.980117,True
57546,24,575,5013,384,0,0.993152,True
57546,24,576,5109,413,0,0.959912,True
57546,24,577,5349,429,0,0.971392,True
57546,24,578,945,442,0,0.992151,True
57546,24,579,5464,443,0,0.993293,True
57546,24,580,2596,462,0,0.994009,True
57546,24,581,5429,518,0,0.991521,True
57546,24,582,977,531,0,0.994535,True
57546,24,583,1261,536,0,0.992042,True
57546,24,584,2020,560,0,0.991392,True
57546,24,585,3354,572,0,0.987228,True
57546,24,586,4019,610,0,0.977605,True
57546,24,587,855,648,0,0.986294,True
57546,24,588,5236,653,0,0.979796,True
57546,24,589,3515,664,0,0.991043,True
57546,24,590,3941,677,0,0.986983,True
57546,24,591,1544,685,0,0.991018,True
57546,24,592,3804,712,0,0.989428,True
57546,24,593,3645,713,0,0.995735,True
57546,24,594,5199,731,0,0.984282,True
57546,24,595,3388,748,0,0.9892,True
57546,24,596,4918,761,0,0.989621,True
57546,24,597,2021,767,0,0.986149,True
57546,24,598,118,776,0,0.986223,True
57546,24,599,279,803,0,0.988139,True
57546,24,600,2659,829,0,0.991356,True
57546,24,601,2354,830,0,0.991149,True
57546,24,602,183,833,0,0.991428,True
57546,24,603,4697,853,0,0.977019,True
57546,24,604,5188,901,0,0.946636,True
57546,24,605,393,915,0,0.991058,True
57546,24,606,3925,915,0,0.932819,True
57546,24,607,5266,922,0,0.983005,True
57546,24,608,152,964,0,0.984761,True
57546,24,609,1292,973,0,0.990302,True
57546,24,610,3468,987,0,0.995149,True
57546,24,611,4317,1018,0,0.980588,True
57546,24,612,1720,1025,0,0.990848,True
57546,24,613,3346,1028,0,0.990816,True
57546,24,614,3983,1031,0,0.985225,True
57546,24,615,2442,1033,0,0.989839,True
57546,24,616,1201,1034,0,0.988194,True
57546,24,617,1800,1049,1,0.999982,True
57546,24,618,2669,1061,0,0.988523,True
57546,24,619,552,1068,0,0.991134,True
57546,24,620,3601,1090,0,0.984954,True
57546,24,621,2176,1098,0,0.994579,True
57546,24,622,1071,1121,0,0.976995,True
57546,24,623,492,1132,0,0.983481,True
57546,24,624,4115,1144,0,0.96519,True
57546,24,625,3495,1161,0,0.977681,True
57546,24,626,3114,1171,0,0.985274,True
57546,24,627,3570,1189,0,0.993891,True
57546,24,628,3029,1192,0,0.991777,True
57546,24,629,1273,1206,0,0.989476,True
57546,24,630,4966,1208,0,0.99074,True
57546,24,631,5568,1222,0,0.991365,True
57546,24,632,3288,1240,0,0.989267,True
57546,24,633,1090,1244,0,0.988829,True
57546,24,634,272,1247,0,0.991527,True
57546,24,635,1901,1257,0,0.996197,True
57546,24,636,5420,1266,0,0.987472,True
57546,24,637,3573,1273,0,0.989183,True
57546,24,638,5901,1278,0,0.986847,True
57546,24,639,1809,1287,0,0.99212,True
57546,24,640,3344,1303,0,0.994668,True
57546,24,641,389,1305,0,0.972518,True
57546,24,642,1554,1315,0,0.973104,True
57546,24,643,3846,1330,0,0.994979,True
57546,24,644,4740,1340,1,0.995921,True
57546,24,645,4936,1349,0,0.987977,True
57546,24,646,4478,1357,0,0.992626,True
57546,24,647,1259,1360,0,0.993781,True
57546,24,648,4053,1371,0,0.991182,True
57546,24,649,3661,1403,0,0.969063,True
57546,24,650,2608,1405,0,0.978445,True
57546,24,651,2059,1410,0,0.985308,True
57546,24,652,1844,1413,0,0.974157,True
57546,24,653,1980,1420,0,0.993848,True
57546,24,654,3763,1456,0,0.984467,True
57546,24,655,1327,1466,0,0.990372,True
57546,24,656,4891,1474,0,0.96781,True
57546,24,657,238,1487,0,0.983046,True
57546,24,658,5664,1509,0,0.962877,True
57546,24,659,2311,1579,0,0.985418,True
57546,24,660,2649,1579,0,0.994382,True
57546,24,661,1481,1624,0,0.960001,True
57546,24,662,3168,1680,1,0.99996,True
57546,24,663,3265,1680,0,0.983782,True
57546,24,664,5560,1694,0,0.989468,True
57546,24,665,3267,1773,1,0.999999,True
57546,24,666,2647,1793,0,0.980503,True
57546,24,667,4378,1824,0,0.991702,True
57546,24,668,3713,1825,0,0.993675,True
57546,24,669,3837,1857,0,0.991637,True
57546,24,670,815,1871,0,0.973752,True
57546,24,671,3153,1874,0,0.994618,True
57546,24,672,1243,1881,0,0.985127,True
57546,24,673,3472,1888,0,0.981031,True
57546,24,674,1737,1902,0,0.995344,True
57546,24,675,4161,1916,0,0.984317,True
57546,24,676,2945,1923,0,0.986883,True
57546,24,677,4470,1932,0,0.983252,True
57546,24,678,5711,1949,0,0.98509,True
57546,24,679,3156,1956,0,0.995342,True
57546,24,680,2300,1978,0,0.995125,True
57546,24,681,693,1995,0,0.993929,True
57546,24,682,3510,2017,1,0.999274,True
57546,24,683,4449,2017,0,0.98596,True
57546,24,684,2013,2026,0,0.969369,True
57546,24,685,5229,2031,0,0.987407,True
57546,24,686,509,2038,0,0.983397,True
57546,24,687,1944,2041,1,0.629162,True
57546,24,688,919,2078,0,0.982734,True
57546,24,689,1141,2089,1,0.999332,True
57546,24,690,3661,2126,0,0.988701,True
57546,24,691,4917,2131,0,0.994046,True
57546,24,692,1310,2139,0,0.991076,True
57546,24,693,3220,2175,0,0.986902,True
57546,24,694,890,2179,0,0.981903,True
57546,24,695,1398,2202,0,0.994132,True
57546,24,696,1049,2204,0,0.993712,True
57546,24,697,4704,2224,0,0.982917,True
57546,24,698,711,2227,0,0.974908,True
57546,24,699,5209,2249,0,0.992861,True
57546,24,700,3794,2266,0,0.982939,True
57546,24,701,1539,2268,0,0.96055,True
57546,24,702,4528,2269,0,0.984995,True
57546,24,703,2868,2272,0,0.993687,True
57546,24,704,3383,2297,0,0.976898,True
57546,24,705,2263,2300,0,0.943861,True
57546,24,706,4193,2314,0,0.988798,True
57546,24,707,318,2317,0,0.992303,True
57546,24,708,2597,2323,0,0.989322,True
57546,24,709,4440,2328,0,0.993949,True
57546,24,710,4065,2349,0,0.991781,True
57546,24,711,1576,2352,0,0.993553,True
57546,24,712,4924,2357,0,0.977765,True
57546,24,713,4732,2362,0,0.994195,True
57546,24,714,1788,2364,0,0.983391,True
57546,24,715,4528,2365,0,0.981362,True
57546,24,716,5282,2403,0,0.992234,True
57546,24,717,324,2407,0,0.991143,True
57546,24,718,1364,2430,0,0.985075,True
57546,24,719,2308,2438,0,0.98751,True
57546,24,720,2827,2445,0,0.993277,True
57546,24,721,4924,2452,0,0.987374,True
57546,24,722,5156,2456,0,0.987343,True
57546,24,723,1628,2522,0,0.988862,True
57546,24,724,5630,2549,0,0.974851,True
57546,24,725,4089,2556,0,0.944842,True
57546,24,726,3657,2575,0,0.978862,True
57546,24,727,4976,2597,0,0.981823,True
57546,24,728,825,2611,0,0.985509,True
57546,24,729,4364,2615,0,0.98593,True
57546,24,730,3326,2622,1,0.999936,True
57546,24,731,3404,2626,0,0.984347,True
57546,24,732,2582,2646,0,0.982422,True
57546,24,733,3206,2651,0,0.987567,True
57546,24,734,1630,2657,0,0.987455,True
57546,24,735,1390,2658,0,0.979959,True
57546,24,736,2017,2670,0,0.986369,True
57546,24,737,1836,2695,0,0.988547,True
57546,24,738,2206,2711,0,0.991339,True
57546,24,739,2871,2731,0,0.988639,True
57546,24,740,5738,2809,0,0.99441,True
57546,24,741,5639,2821,0,0.935433,True
57546,24,742,4882,2833,0,0.989771,True
57546,24,743,2653,2858,1,0.994561,True
57546,24,744,476,2874,0,0.987768,True
57546,24,745,3879,2874,0,0.92156,True
57546,24,746,3581,2908,0,0.963265,True
57546,24,747,47,2931,0,0.990968,True
57546,24,748,4665,2931,0,0.977579,True
57546,24,749,5860,2947,0,0.992649,True
57546,24,750,200,2960,0,0.979133,True
57546,24,751,4665,3014,0,0.990454,True
57546,24,752,3623,3016,0,0.99027,True
57546,24,753,2002,3017,0,0.990632,True
57546,24,754,4263,3035,0,0.994479,True
57546,24,755,3183,3037,0,0.979582,True
57546,24,756,5503,3045,0,0.970588,True
57546,24,757,1727,3053,0,0.990251,True
57546,24,758,3361,3136,0,0.997187,True
57546,24,759,1300,3149,0,0.991659,True
57546,24,760,4046,3150,0,0.993717,True
57546,24,761,394,3155,0,0.993396,True
57546,24,762,4593,3163,0,0.990277,True
57546,24,763,1940,3176,0,0.988011,True
57546,24,764,4311,3178,0,0.994502,True
57546,24,765,3034,3182,1,0.999807,True
57546,24,766,5694,3206,0,0.995904,True
57546,24,767,3795,3227,0,0.98983,True
57546,24,768,5833,3252,0,0.990486,True
57546,24,769,1090,3256,0,0.991936,True
57546,24,770,583,3274,0,0.985435,True
57546,24,771,2787,3274,0,0.996208,True
57546,24,772,4312,3277,0,0.985495,True
57546,24,773,236,3281,0,0.994674,True
57546,24,774,3573,3287,0,0.993378,True
57546,24,775,2884,3290,1,0.99994,True
57546,24,776,4405,3293,0,0.996403,True
57546,24,777,3223,3300,0,0.983103,True
57546,24,778,2366,3318,0,0.991319,True
57546,24,779,954,3320,0,0.988171,True
57546,24,780,4534,3323,0,0.988373,True
57546,24,781,3714,3330,0,0.987132,True
57546,24,782,1835,3344,0,0.991408,True
57546,24,783,1049,3348,0,0.988011,True
57546,24,784,2446,3354,0,0.989231,True
57546,24,785,1469,3364,0,0.994831,True
57546,24,786,3746,3404,0,0.989956,True
57546,24,787,5204,3411,0,0.989785,True
57546,24,788,5286,3421,0,0.988337,True
57546,24,789,1622,3451,0,0.993769,True
57546,24,790,2008,3511,0,0.961584,True
57546,24,791,2263,3519,0,0.988381,True
57546,24,792,3916,3533,0,0.98789,True
57546,24,793,4302,3554,0,0.993265,True
57546,24,794,1369,3614,0,0.988377,True
57546,24,795,1292,3617,0,0.979417,True
57546,24,796,3990,3628,0,0.989914,True
57546,24,797,5586,3628,0,0.9883,True
57546,24,798,756,3633,0,0.993062,True
57546,24,799,467,3642,0,0.991726,True
57546,24,800,5703,3649,0,0.984133,True
57546,24,801,5209,3665,0,0.990349,True
57546,24,802,3686,3675,0,0.98929,True
57546,24,803,5288,3676,0,0.987554,True
57546,24,804,4035,3695,0,0.994196,True
57546,24,805,2804,3704,0,0.981772,True
57546,24,806,5608,25,None,None,False
57546,24,807,2901,28,None,None,False
57546,24,808,4372,53,0,0.989867,True
57546,24,809,254,84,0,0.98835,True
57546,24,810,1403,117,0,0.98805,True
57546,24,811,677,131,0,0.994883,True
57546,24,812,4966,170,0,0.983333,True
57546,24,813,4393,217,0,0.993309,True
57546,24,814,3881,222,0,0.981264,True
57546,24,815,323,246,1,0.99995,True
57546,24,816,2310,247,0,0.989996,True
57546,24,817,1218,273,0,0.996091,True
57546,24,818,4949,287,0,0.98951,True
57546,24,819,5017,287,0,0.978144,True
57546,24,820,1989,293,0,0.994174,True
57546,24,821,5527,297,0,0.877781,True
57546,24,822,550,330,0,0.993868,True
57546,24,823,5906,337,0,0.987368,True
57546,24,824,1086,349,0,0.988876,True
57546,24,825,838,351,0,0.97947,True
57546,24,826,5823,368,0,0.972949,True
57546,24,827,1626,380,1,0.730584,True
57546,24,828,4167,386,0,0.979818,True
57546,24,829,2182,403,1,0.99983,True
57546,24,830,2326,423,0,0.988253,True
57546,24,831,821,443,1,0.999993,True
57546,24,832,4105,443,0,0.986073,True
57546,24,833,321,455,0,0.99006,True
57546,24,834,1347,470,1,0.999821,True
57546,24,835,4667,512,0,0.98605,True
57546,24,836,1951,515,0,0.983245,True
57546,24,837,4419,524,0,0.984273,True
57546,24,838,4583,537,0,0.976625,True
57546,24,839,3800,545,0,0.984362,True
57546,24,840,3595,550,0,0.990417,True
57546,24,841,812,572,0,0.98524,True
57546,24,842,3178,583,0,0.98916,True
57546,24,843,5564,587,1,0.998656,True
57546,24,844,518,599,0,0.993261,True
57546,24,845,3652,625,0,0.987808,True
57546,24,846,413,645,0,0.99125,True
57546,24,847,183,649,0,0.976901,True
57546,24,848,258,651,0,0.782911,True
57546,24,849,3435,658,0,0.961805,True
57546,24,850,4722,672,0,0.986274,True
57546,24,851,70,679,0,0.989646,True
57546,24,852,4155,679,0,0.988913,True
57546,24,853,4878,700,0,0.986804,True
57546,24,854,1805,715,0,0.990842,True
57546,24,855,4596,727,0,0.990793,True
57546,24,856,1951,730,0,0.990922,True
57546,24,857,3895,746,0,0.991233,True
57546,24,858,5054,747,0,0.981307,True
57546,24,859,212,755,0,0.983733,True
57546,24,860,4122,755,0,0.991182,True
57546,24,861,1228,758,0,0.989804,True
57546,24,862,2615,768,0,0.984091,True
57546,24,863,1305,769,0,0.984829,True
57546,24,864,2840,782,0,0.983309,True
57546,24,865,3255,810,0,0.980104,True
57546,24,866,5851,812,0,0.978075,True
57546,24,867,2154,816,0,0.983107,True
57546,24,868,3071,819,0,0.989158,True
57546,24,869,3335,825,0,0.993642,True
57546,24,870,5690,838,0,0.981881,True
57546,24,871,106,857,0,0.991443,True
57546,24,872,5488,860,0,0.987336,True
57546,24,873,1814,872,0,0.953505,True
57546,24,874,2280,873,0,0.989022,True
57546,24,875,2597,886,0,0.99155,True
57546,24,876,3469,886,0,0.982652,True
57546,24,877,2191,890,0,0.971558,True
57546,24,878,5022,892,0,0.991619,True
57546,24,879,1512,934,0,0.978296,True
57546,24,880,3017,935,0,0.994868,True
57546,24,881,3402,937,1,0.999998,True
57546,24,882,2933,943,0,0.986901,True
57546,24,883,4521,943,0,0.987135,True
57546,24,884,4686,948,0,0.990339,True
57546,24,885,3128,986,0,0.989139,True
57546,24,886,4891,992,0,0.980997,True
57546,24,887,3648,1013,0,0.981811,True
57546,24,888,3180,1026,0,0.978409,True
57546,24,889,2010,1027,0,0.993421,True
57546,24,890,5700,1052,0,0.99089,True
57546,24,891,1404,1059,0,0.98656,True
57546,24,892,191,1061,0,0.988977,True
57546,24,893,1881,1075,0,0.988267,True
57546,24,894,4064,1078,0,0.993995,True
57546,24,895,2093,1079,0,0.963397,True
57546,24,896,5628,1084,0,0.994148,True
57546,24,897,3050,1090,0,0.987792,True
57546,24,898,2636,1131,0,0.976161,True
57546,24,899,2281,1134,0,0.989289,True
57546,24,900,5158,1156,0,0.981473,True
57546,24,901,2346,1199,0,0.991711,True
57546,24,902,2171,1202,0,0.988453,True
57546,24,903,876,1207,0,0.989497,True
57546,24,904,4294,1212,0,0.987368,True
57546,24,905,135,1215,0,0.983829,True
57546,24,906,700,1217,0,0.959008,True
57546,24,907,2973,1247,0,0.973816,True
57546,24,908,350,1251,0,0.990824,True
57546,24,909,5336,1272,0,0.975716,True
57546,24,910,2137,1282,0,0.989376,True
57546,24,911,5537,1300,0,0.99097,True
57546,24,912,742,1317,0,0.979455,True
57546,24,913,5620,1317,0,0.989565,True
57546,24,914,5263,1334,0,0.990158,True
57546,24,915,2464,1337,0,0.995738,True
57546,24,916,2877,1338,0,0.993145,True
57546,24,917,3937,1351,0,0.980391,True
57546,24,918,2534,1377,1,0.999478,True
57546,24,919,1110,1387,0,0.980711,True
57546,24,920,1736,1403,0,0.981433,True
57546,24,921,2221,1408,0,0.993782,True
57546,24,922,5665,1417,0,0.981631,True
57546,24,923,4516,1423,0,0.970977,True
57546,24,924,4810,1458,0,0.987131,True
57546,24,925,5861,1474,0,0.972581,True
57546,24,926,4257,1532,0,0.991806,True
57546,24,927,2239,1541,0,0.988598,True
57546,24,928,3146,1545,0,0.97586,True
57546,24,929,4643,1546,0,0.985649,True
57546,24,930,2394,1568,0,0.996101,True
57546,24,931,4897,1586,0,0.989049,True
57546,24,932,5741,1626,0,0.991766,True
57546,24,933,5066,1633,0,0.970153,True
57546,24,934,574,1634,1,0.997516,True
57546,24,935,5462,1634,0,0.982924,True
57546,24,936,3965,1635,0,0.977145,True
57546,24,937,955,1643,0,0.995764,True
57546,24,938,4643,1644,0,0.989524,True
57546,24,939,776,1646,0,0.991122,True
57546,24,940,2310,1670,0,0.981418,True
57546,24,941,4510,1670,0,0.982484,True
57546,24,942,2792,1671,0,0.991948,True
57546,24,943,2878,1672,0,0.989607,True
57546,24,944,2492,1690,1,0.999992,True
57546,24,945,4200,1704,0,0.98404,True
57546,24,946,4690,1713,1,0.999825,True
57546,24,947,904,1715,0,0.988559,True
57546,24,948,5314,1741,0,0.988572,True
57546,24,949,1728,1748,0,0.992891,True
57546,24,950,3081,1749,0,0.977284,True
57546,24,951,4018,1761,0,0.982154,True
57546,24,952,4478,1761,0,0.995116,True
57546,24,953,632,1783,0,0.982802,True
57546,24,954,5231,1795,0,0.985777,True
57546,24,955,1069,1850,0,0.980643,True
57546,24,956,2905,1853,0,0.981096,True
57546,24,957,4092,1859,0,0.982516,True
57546,24,958,4307,1866,0,0.969213,True
57546,24,959,409,1884,0,0.990902,True
57546,24,960,179,1897,0,0.971972,True
57546,24,961,1129,1925,0,0.99056,True
57546,24,962,526,1974,0,0.987939,True
57546,24,963,4788,1977,0,0.992814,True
57546,24,964,5876,1988,0,0.984072,True
57546,24,965,2434,1996,0,0.988929,True
57546,24,966,3078,2000,0,0.992308,True
57546,24,967,1651,2021,0,0.988428,True
57546,24,968,2103,2024,0,0.99027,True
57546,24,969,4238,2045,0,0.994965,True
57546,24,970,5744,2064,1,0.993947,True
57546,24,971,2640,2084,0,0.988069,True
57546,24,972,1462,2092,0,0.990142,True
57546,24,973,3778,2104,0,0.985875,True
57546,24,974,4484,2108,1,0.994262,True
57546,24,975,5419,2148,0,0.992513,True
57546,24,976,5726,2152,0,0.982346,True
57546,24,977,2069,2155,0,0.984093,True
57546,24,978,2853,2161,0,0.976596,True
57546,24,979,1807,2176,0,0.990627,True
57546,24,980,971,2180,0,0.922605,True
57546,24,981,5368,2203,0,0.991841,True
57546,24,982,3980,2208,0,0.990399,True
57546,24,983,4261,2210,0,0.996182,True
57546,24,984,5729,2258,0,0.981954,True
57546,24,985,5558,2263,0,0.984854,True
57546,24,986,2969,2276,0,0.995383,True
57546,24,987,3220,2289,0,0.989317,True
57546,24,988,5479,2297,1,0.996608,True
57546,24,989,4286,2304,0,0.992093,True
57546,24,990,2920,2331,0,0.990973,True
57546,24,991,1113,2341,0,0.991307,True
57546,24,992,95,2344,0,0.973887,True
57546,24,993,3589,2351,0,0.981023,True
57546,24,994,1943,2356,1,0.99988,True
57546,24,995,5175,2366,0,0.97803,True
57546,24,996,4804,2405,0,0.988063,True
57546,24,997,218,2408,0,0.985348,True
57546,24,998,695,2427,0,0.992186,True
57546,24,999,5517,2449,0,0.98222,True
57546,24,1000,981,2464,0,0.990248,True
57546,24,1001,3593,2474,0,0.994345,True
57546,24,1002,1163,2476,0,0.989781,True
57546,24,1003,2110,2477,0,0.949138,True
57546,24,1004,2847,2521,0,0.987281,True
57546,24,1005,2524,2526,0,0.985955,True
57546,24,1006,5927,2537,0,0.921804,True
57546,24,1007,516,2552,0,0.994148,True
57546,24,1008,5835,2559,0,0.984629,True
57546,24,1009,4902,2564,0,0.980329,True
57546,24,1010,3073,2575,0,0.992025,True
57546,24,1011,4633,2575,0,0.964675,True
57546,24,1012,2317,2576,0,0.995209,True
57546,24,1013,4725,2581,0,0.99126,True
57546,24,1014,3250,2599,0,0.986157,True
57546,24,1015,1750,2603,0,0.979549,True
57546,24,1016,4898,2645,0,0.989512,True
57546,24,1017,157,2658,0,0.990558,True
57546,24,1018,1472,2659,0,0.987708,True
57546,24,1019,1544,2661,0,0.976415,True
57546,24,1020,5716,2685,0,0.986093,True
57546,24,1021,3906,2691,0,0.987392,True
57546,24,1022,1953,2704,0,0.982649,True
57546,24,1023,3196,2750,0,0.982678,True
57546,24,1024,4626,2762,0,0.912344,True
57546,24,1025,369,2766,0,0.980594,True
57546,24,1026,959,2769,0,0.989592,True
57546,24,1027,1486,2769,0,0.991125,True
57546,24,1028,1552,2781,0,0.978889,True
57546,24,1029,307,2804,0,0.984721,True
57546,24,1030,5251,2811,0,0.984015,True
57546,24,1031,4194,2872,0,0.99022,True
57546,24,1032,3220,2887,0,0.987383,True
57546,24,1033,2788,2892,0,0.993423,True
57546,24,1034,5620,2972,0,0.993577,True
57546,24,1035,1234,2977,0,0.992621,True
57546,24,1036,2596,2991,0,0.99371,True
57546,24,1037,5078,3003,0,0.988212,True
57546,24,1038,3914,3007,0,0.981446,True
57546,24,1039,1524,3011,0,0.992051,True
57546,24,1040,110,3046,0,0.982627,True
57546,24,1041,4730,3049,0,0.985888,True
57546,24,1042,628,3055,0,0.987434,True
57546,24,1043,4814,3081,0,0.964909,True
57546,24,1044,3244,3090,0,0.995839,True
57546,24,1045,4349,3090,0,0.994926,True
57546,24,1046,4521,3091,0,0.990428,True
57546,24,1047,971,3099,0,0.991511,True
57546,24,1048,2010,3121,0,0.989504,True
57546,24,1049,4196,3121,0,0.981338,True
57546,24,1050,1448,3131,1,0.939489,True
57546,24,1051,2435,3142,1,0.787756,True
57546,24,1052,1169,3148,0,0.974757,True
57546,24,1053,4148,3176,0,0.985643,True
57546,24,1054,5168,3184,0,0.991055,True
57546,24,1055,2507,3188,0,0.992177,True
57546,24,1056,687,3211,0,0.990574,True
57546,24,1057,125,3245,0,0.981714,True
57546,24,1058,2420,3259,0,0.979339,True
57546,24,1059,1006,3266,0,0.989249,True
57546,24,1060,5479,3270,0,0.990582,True
57546,24,1061,5243,3340,0,0.984018,True
57546,24,1062,4609,3355,0,0.98887,True
57546,24,1063,3509,3357,0,0.992609,True
57546,24,1064,1752,3368,0,0.985664,True
57546,24,1065,1359,3379,0,0.958941,True
57546,24,1066,5505,3380,1,0.60356,True
57546,24,1067,1543,3408,0,0.976611,True
57546,24,1068,412,3447,0,0.991,True
57546,24,1069,4350,3458,0,0.991165,True
57546,24,1070,2869,3483,1,0.991537,True
57546,24,1071,85,3484,0,0.993405,True
57546,24,1072,5145,3507,0,0.983822,True
57546,24,1073,894,3520,0,0.988143,True
57546,24,1074,4127,3525,0,0.991451,True
57546,24,1075,202,3554,0,0.991428,True
57546,24,1076,691,3561,0,0.984576,True
57546,24,1077,828,3561,0,0.973209,True
57546,24,1078,2593,3565,1,0.999371,True
57546,24,1079,5526,3572,0,0.989221,True
57546,24,1080,5760,3590,0,0.979934,True
57546,24,1081,3250,3594,0,0.984606,True
57546,24,1082,4132,3599,0,0.987266,True
57546,24,1083,2074,3605,0,0.981419,True
57546,24,1084,5418,3615,0,0.972518,True
57546,24,1085,4592,3616,0,0.985524,True
57546,24,1086,1779,3620,0,0.988622,True
57546,24,1087,3758,3622,0,0.957954,True
57546,24,1088,314,3648,0,0.990057,True
57546,24,1089,3120,3652,0,0.980621,True
57546,24,1090,1871,3653,0,0.981859,True
57546,24,1091,4895,3678,0,0.984581,True
57546,24,1092,4723,3681,0,0.987215,True
57546,24,1093,4140,3700,0,0.993804,True
57546,24,1094,3200,3701,0,0.991773,True
57546,24,1095,1300,36,0,0.981404,True
57546,24,1096,530,41,1,0.999371,True
57546,24,1097,4181,42,0,0.992971,True
57546,24,1098,926,51,0,0.966521,True
57546,24,1099,606,67,0,0.993229,True
57546,24,1100,3109,88,0,0.981945,True
57546,24,1101,1332,99,0,0.992485,True
57546,24,1102,2559,102,1,0.999828,True
57546,24,1103,2737,127,1,0.996567,True
57546,24,1104,5146,127,0,0.987938,True
57546,24,1105,3802,162,0,0.993511,True
57546,24,1106,2498,178,1,0.999576,True
57546,24,1107,375,181,0,0.972795,True
57546,24,1108,3732,186,0,0.995213,True
57546,24,1109,3628,187,1,0.999497,True
57546,24,1110,2915,200,0,0.985751,True
57546,24,1111,2708,201,0,0.97969,True
57546,24,1112,5401,205,0,0.993911,True
57546,24,1113,1307,247,0,0.989495,True
57546,24,1114,5460,258,1,0.995643,True
57546,24,1115,3073,273,0,0.987427,True
57546,24,1116,2368,296,0,0.993989,True
57546,24,1117,1353,298,0,0.988426,True
57546,24,1118,5202,300,0,0.984354,True
57546,24,1119,3918,313,0,0.958028,True
57546,24,1120,4297,356,0,0.980732,True
57546,24,1121,1287,363,0,0.98542,True
57546,24,1122,230,370,0,0.981084,True
57546,24,1123,3677,381,0,0.983429,True
57546,24,1124,5545,381,0,0.985266,True
57546,24,1125,2634,389,0,0.995019,True
57546,24,1126,1556,476,0,0.974884,True
57546,24,1127,4513,523,0,0.991246,True
57546,24,1128,373,530,0,0.990349,True
57546,24,1129,560,532,0,0.983379,True
57546,24,1130,1613,550,0,0.98937,True
57546,24,1131,2738,552,0,0.973006,True
57546,24,1132,2856,568,1,0.999995,True
57546,24,1133,3946,588,0,0.994233,True
57546,24,1134,1706,592,0,0.978366,True
57546,24,1135,1341,600,0,0.97714,True
57546,24,1136,3116,622,1,0.999977,True
57546,24,1137,1406,631,0,0.995212,True
57546,24,1138,3730,639,0,0.987239,True
57546,24,1139,2581,658,0,0.973126,True
57546,24,1140,2512,671,0,0.979584,True
57546,24,1141,2988,672,0,0.990477,True
57546,24,1142,2699,675,0,0.991028,True
57546,24,1143,5442,709,0,0.980782,True
57546,24,1144,1733,723,0,0.98004,True
57546,24,1145,3101,753,0,0.988898,True
57546,24,1146,3692,782,0,0.98579,True
57546,24,1147,991,793,0,0.988438,True
57546,24,1148,496,806,0,0.98015,True
57546,24,1149,1398,850,0,0.993801,True
57546,24,1150,787,855,0,0.991673,True
57546,24,1151,3697,866,0,0.984513,True
57546,24,1152,3182,871,0,0.991992,True
57546,24,1153,260,883,0,0.966638,True
57546,24,1154,979,884,0,0.995651,True
57546,24,1155,2801,895,0,0.98912,True
57546,24,1156,2111,899,0,0.982575,True
57546,24,1157,648,913,0,0.988186,True
57546,24,1158,3235,913,0,0.989739,True
57546,24,1159,3875,956,0,0.904021,True
57546,24,1160,1403,971,0,0.984717,True
57546,24,1161,5385,983,0,0.987296,True
57546,24,1162,1074,985,0,0.990507,True
57546,24,1163,4046,987,0,0.990629,True
57546,24,1164,2877,1002,0,0.9863,True
57546,24,1165,5771,1009,0,0.990188,True
57546,24,1166,3739,1016,0,0.986052,True
57546,24,1167,4503,1016,0,0.942151,True
57546,24,1168,5873,1019,0,0.97671,True
57546,24,1169,5203,1023,0,0.989079,True
57546,24,1170,5037,1049,0,0.979709,True
57546,24,1171,3253,1051,0,0.98044,True
57546,24,1172,2248,1067,0,0.98924,True
57546,24,1173,665,1074,1,0.779665,True
57546,24,1174,1242,1093,0,0.988585,True
57546,24,1175,4918,1128,0,0.983793,True
57546,24,1176,2743,1135,0,0.988922,True
57546,24,1177,5309,1135,0,0.992014,True
57546,24,1178,1557,1137,0,0.986321,True
57546,24,1179,824,1154,0,0.982594,True
57546,24,1180,2520,1169,0,0.979501,True
57546,24,1181,5237,1185,0,0.992216,True
57546,24,1182,2077,1186,0,0.98196,True
57546,24,1183,1452,1213,0,0.992918,True
57546,24,1184,3802,1227,0,0.984723,True
57546,24,1185,2866,1236,0,0.994209,True
57546,24,1186,5181,1257,0,0.991275,True
57546,24,1187,464,1275,0,0.971804,True
57546,24,1188,4773,1275,0,0.990076,True
57546,24,1189,5770,1286,1,0.992408,True
57546,24,1190,646,1292,0,0.977964,True
57546,24,1191,4094,1321,0,0.989519,True
57546,24,1192,1970,1340,0,0.9837,True
57546,24,1193,3412,1357,0,0.990361,True
57546,24,1194,895,1370,0,0.987717,True
57546,24,1195,5755,1392,0,0.980874,True
57546,24,1196,4152,1397,0,0.989069,True
57546,24,1197,2316,1418,0,0.986428,True
57546,24,1198,752,1430,0,0.988765,True
57546,24,1199,5246,1448,0,0.991979,True
57546,24,1200,3151,1451,0,0.982079,True
57546,24,1201,5385,1467,0,0.993336,True
57546,24,1202,1474,1473,0,0.98796,True
57546,24,1203,5097,1479,0,0.973711,True
57546,24,1204,2173,1488,0,0.991239,True
57546,24,1205,2294,1500,0,0.993436,True
57546,24,1206,628,1506,0,0.982894,True
57546,24,1207,1881,1510,0,0.986104,True
57546,24,1208,5249,1543,0,0.996325,True
57546,24,1209,772,1549,1,0.935264,True
57546,24,1210,1644,1550,0,0.983392,True
57546,24,1211,1949,1551,0,0.978871,True
57546,24,1212,3932,1571,0,0.987973,True
57546,24,1213,3398,1596,0,0.968145,True
57546,24,1214,502,1622,0,0.976128,True
57546,24,1215,5214,1622,0,0.988862,True
57546,24,1216,4394,1627,0,0.992147,True
57546,24,1217,3567,1634,0,0.995802,True
57546,24,1218,3012,1636,0,0.992519,True
57546,24,1219,5785,1677,1,0.999252,True
57546,24,1220,440,1678,0,0.995218,True
57546,24,1221,5915,1680,0,0.991943,True
57546,24,1222,278,1697,0,0.979896,True
57546,24,1223,3339,1700,0,0.996647,True
57546,24,1224,5691,1709,0,0.992572,True
57546,24,1225,5093,1712,0,0.988439,True
57546,24,1226,688,1719,0,0.987525,True
57546,24,1227,2760,1742,0,0.988822,True
57546,24,1228,2166,1747,0,0.994094,True
57546,24,1229,1611,1751,0,0.97841,True
57546,24,1230,5013,1765,0,0.984355,True
57546,24,1231,5156,1767,0,0.981975,True
57546,24,1232,4098,1772,0,0.985143,True
57546,24,1233,3401,1786,0,0.983345,True
57546,24,1234,3154,1790,0,0.978187,True
57546,24,1235,1918,1800,0,0.987893,True
57546,24,1236,1316,1822,0,0.985906,True
57546,24,1237,2031,1837,0,0.985179,True
57546,24,1238,35,1838,None,None,False
57546,24,1239,1156,1838,0,0.983944,True
57546,24,1240,3076,1846,0,0.988833,True
57546,24,1241,265,1864,1,0.786023,True
57546,24,1242,4887,1901,0,0.987254,True
57546,24,1243,2496,1939,0,0.990092,True
57546,24,1244,2799,1939,0,0.990168,True
57546,24,1245,810,1948,0,0.98827,True
57546,24,1246,5826,1948,0,0.98464,True
57546,24,1247,1008,1964,0,0.991502,True
57546,24,1248,4917,1973,0,0.981996,True
57546,24,1249,5611,2037,0,0.983387,True
57546,24,1250,1207,2038,0,0.99672,True
57546,24,1251,4868,2060,0,0.99459,True
57546,24,1252,2722,2073,0,0.977756,True
57546,24,1253,4301,2095,0,0.979931,True
57546,24,1254,1905,2098,0,0.982075,True
57546,24,1255,3260,2104,0,0.990902,True
57546,24,1256,1385,2120,0,0.942672,True
57546,24,1257,1657,2132,0,0.987851,True
57546,24,1258,3845,2139,0,0.983988,True
57546,24,1259,3522,2164,1,0.996982,True
57546,24,1260,5178,2168,0,0.987073,True
57546,24,1261,5111,2193,0,0.988463,True
57546,24,1262,2977,2195,0,0.988603,True
57546,24,1263,2280,2206,0,0.991889,True
57546,24,1264,4972,2221,0,0.986325,True
57546,24,1265,175,2229,0,0.98508,True
57546,24,1266,2791,2243,0,0.973474,True
57546,24,1267,4608,2257,0,0.982109,True
57546,24,1268,1348,2270,0,0.995375,True
57546,24,1269,3868,2275,0,0.986015,True
57546,24,1270,2109,2328,0,0.993282,True
57546,24,1271,2512,2351,0,0.980699,True
57546,24,1272,3873,2383,0,0.991815,True
57546,24,1273,3798,2399,0,0.977741,True
57546,24,1274,590,2408,0,0.984443,True
57546,24,1275,1099,2420,0,0.982155,True
57546,24,1276,513,2423,0,0.980452,True
57546,24,1277,2533,2424,0,0.994871,True
57546,24,1278,4314,2429,0,0.975267,True
57546,24,1279,86,2432,0,0.971432,True
57546,24,1280,3773,2465,0,0.94632,True
57546,24,1281,3443,2480,1,1.0,True
57546,24,1282,5561,2522,0,0.980213,True
57546,24,1283,2032,2577,0,0.980167,True
57546,24,1284,3848,2585,0,0.993095,True
57546,24,1285,2973,2592,0,0.987862,True
57546,24,1286,2241,2595,0,0.987011,True
57546,24,1287,1686,2596,0,0.991458,True
57546,24,1288,5873,2618,0,0.987622,True
57546,24,1289,4801,2620,0,0.99064,True
57546,24,1290,3733,2633,0,0.986714,True
57546,24,1291,5592,2661,0,0.981146,True
57546,24,1292,270,2687,0,0.988803,True
57546,24,1293,1724,2708,0,0.981842,True
57546,24,1294,1260,2709,0,0.977665,True
57546,24,1295,3023,2724,0,0.974686,True
57546,24,1296,3414,2730,0,0.981942,True
57546,24,1297,5797,2757,0,0.988619,True
57546,24,1298,142,2758,0,0.992197,True
57546,24,1299,2412,2773,0,0.991097,True
57546,24,1300,4258,2774,0,0.975528,True
57546,24,1301,223,2778,0,0.930704,True
57546,24,1302,2270,2786,1,0.998455,True
57546,24,1303,433,2802,0,0.906759,True
57546,24,1304,2976,2819,1,0.522142,True
57546,24,1305,4786,2830,0,0.992415,True
57546,24,1306,1271,2836,0,0.970839,True
57546,24,1307,905,2838,0,0.992015,True
57546,24,1308,3754,2846,0,0.99197,True
57546,24,1309,5423,2865,0,0.987014,True
57546,24,1310,1643,2880,0,0.992152,True
57546,24,1311,5296,2883,0,0.990138,True
57546,24,1312,1489,2889,0,0.986665,True
57546,24,1313,3083,2891,0,0.987966,True
57546,24,1314,4358,2921,0,0.993011,True
57546,24,1315,2925,2928,0,0.974269,True
57546,24,1316,5563,2928,0,0.986655,True
57546,24,1317,5216,2931,0,0.994277,True
57546,24,1318,5478,2933,0,0.986746,True
57546,24,1319,128,2934,0,0.986465,True
57546,24,1320,3433,2950,0,0.990936,True
57546,24,1321,533,3000,0,0.988402,True
57546,24,1322,1841,3004,0,0.98904,True
57546,24,1323,2673,3018,0,0.991595,True
57546,24,1324,3461,3019,0,0.986384,True
57546,24,1325,256,3027,0,0.964226,True
57546,24,1326,5243,3074,0,0.977966,True
57546,24,1327,2622,3091,0,0.989398,True
57546,24,1328,1672,3102,0,0.990596,True
57546,24,1329,4428,3133,0,0.9942,True
57546,24,1330,2171,3136,0,0.980351,True
57546,24,1331,161,3137,0,0.982147,True
57546,24,1332,5354,3141,0,0.97594,True
57546,24,1333,1102,3146,0,0.989361,True
57546,24,1334,623,3170,0,0.964554,True
57546,24,1335,5618,3170,0,0.985191,True
57546,24,1336,5204,3252,0,0.982974,True
57546,24,1337,4918,3262,0,0.983402,True
57546,24,1338,4832,3266,1,0.999724,True
57546,24,1339,3291,3287,0,0.98448,True
57546,24,1340,4672,3303,0,0.986587,True
57546,24,1341,827,3330,0,0.987152,True
57546,24,1342,5811,3341,0,0.98036,True
57546,24,1343,5629,3343,0,0.969291,True
57546,24,1344,5433,3369,0,0.98429,True
57546,24,1345,4064,3389,0,0.967905,True
57546,24,1346,4143,3429,0,0.983184,True
57546,24,1347,3873,3445,0,0.985039,True
57546,24,1348,486,3452,0,0.984468,True
57546,24,1349,2405,3462,0,0.976027,True
57546,24,1350,4083,3464,0,0.956428,True
57546,24,1351,4895,3468,0,0.990546,True
57546,24,1352,2800,3486,0,0.986222,True
57546,24,1353,4404,3512,0,0.989918,True
57546,24,1354,4961,3556,0,0.994977,True
57546,24,1355,1424,3557,0,0.986122,True
57546,24,1356,2875,3563,0,0.976755,True
57546,24,1357,3623,3573,0,0.976129,True
57546,24,1358,4060,3599,0,0.985531,True
57546,24,1359,4665,3629,0,0.98849,True
57546,24,1360,1221,3660,0,0.983717,True
57546,24,1361,2132,3666,0,0.977014,True
57546,24,1362,2878,3669,0,0.995589,True
57546,24,1363,3610,3685,0,0.992494,True
57546,24,1364,2243,3689,0,0.994615,True
57546,24,1365,5872,3691,0,0.980111,True
57546,24,1366,5531,3701,1,0.99993,True
57546,24,1367,452,46,0,0.982892,True
57546,24,1368,2508,56,0,0.977992,True
57546,24,1369,48,80,0,0.993288,True
57546,24,1370,5225,96,0,0.990704,True
57546,24,1371,2222,110,0,0.986392,True
57546,24,1372,4326,133,0,0.990238,True
57546,24,1373,553,145,0,0.988049,True
57546,24,1374,4557,145,0,0.980387,True
57546,24,1375,1217,150,0,0.960587,True
57546,24,1376,5762,156,0,0.990009,True
57546,24,1377,5050,177,0,0.991816,True
57546,24,1378,1447,203,0,0.98118,True
57546,24,1379,5711,218,0,0.98383,True
57546,24,1380,573,246,0,0.99451,True
57546,24,1381,4841,259,0,0.98912,True
57546,24,1382,834,263,0,0.991511,True
57546,24,1383,3144,269,0,0.990276,True
57546,24,1384,3766,276,0,0.996594,True
57546,24,1385,3271,285,0,0.981336,True
57546,24,1386,4152,318,0,0.982291,True
57546,24,1387,432,383,0,0.994666,True
57546,24,1388,3351,386,0,0.989834,True
57546,24,1389,1704,409,0,0.98388,True
57546,24,1390,632,412,0,0.986942,True
57546,24,1391,4244,418,0,0.986481,True
57546,24,1392,4689,423,0,0.983156,True
57546,24,1393,3095,464,0,0.850882,True
57546,24,1394,2487,478,0,0.989006,True
57546,24,1395,1046,484,0,0.985228,True
57546,24,1396,4327,491,0,0.980057,True
57546,24,1397,3021,493,0,0.894059,True
57546,24,1398,3207,494,0,0.99015,True
57546,24,1399,2355,498,0,0.986754,True
57546,24,1400,2689,508,1,0.999948,True
57546,24,1401,681,568,0,0.908988,True
57546,24,1402,1768,573,0,0.990844,True
57546,24,1403,2407,602,0,0.996152,True
57546,24,1404,1240,616,0,0.974573,True
57546,24,1405,4270,621,1,0.999424,True
57546,24,1406,4097,624,0,0.991216,True
57546,24,1407,3052,625,0,0.991763,True
57546,24,1408,5311,640,0,0.991213,True
57546,24,1409,2834,647,0,0.99589,True
57546,24,1410,2904,669,0,0.997222,True
57546,24,1411,2269,676,0,0.978712,True
57546,24,1412,918,689,0,0.987387,True
57546,24,1413,4530,696,0,0.982369,True
57546,24,1414,3487,745,0,0.988808,True
57546,24,1415,5659,749,0,0.988353,True
57546,24,1416,5561,754,0,0.988271,True
57546,24,1417,4738,775,0,0.985619,True
57546,24,1418,4000,871,0,0.988559,True
57546,24,1419,1944,878,0,0.994885,True
57546,24,1420,4436,879,0,0.993462,True
57546,24,1421,4224,889,1,0.999892,True
57546,24,1422,2512,906,0,0.989642,True
57546,24,1423,2009,915,1,0.67171,True
57546,24,1424,4149,939,0,0.993959,True
57546,24,1425,1749,947,0,0.994082,True
57546,24,1426,327,966,0,0.996069,True
57546,24,1427,5318,1016,0,0.987204,True
57546,24,1428,1009,1020,0,0.956652,True
57546,24,1429,270,1022,0,0.980036,True
57546,24,1430,4386,1065,0,0.988478,True
57546,24,1431,5257,1073,0,0.983563,True
57546,24,1432,3183,1097,0,0.984768,True
57546,24,1433,5702,1158,0,0.976615,True
57546,24,1434,4790,1163,0,0.984589,True
57546,24,1435,2736,1219,0,0.989497,True
57546,24,1436,5490,1226,0,0.9957,True
57546,24,1437,1538,1238,0,0.992414,True
57546,24,1438,781,1263,0,0.981003,True
57546,24,1439,2057,1263,0,0.985839,True
57546,24,1440,4147,1263,0,0.9893,True
57546,24,1441,2599,1278,0,0.988569,True
57546,24,1442,932,1283,0,0.914635,True
57546,24,1443,3478,1295,0,0.99658,True
57546,24,1444,3765,1325,0,0.993007,True
57546,24,1445,4668,1327,0,0.984798,True
57546,24,1446,5484,1343,0,0.963732,True
57546,24,1447,2786,1350,0,0.984494,True
57546,24,1448,2709,1376,0,0.986924,True
57546,24,1449,2946,1388,0,0.992841,True
57546,24,1450,2399,1406,0,0.991691,True
57546,24,1451,4305,1410,0,0.988495,True
57546,24,1452,189,1429,0,0.980435,True
57546,24,1453,4251,1458,0,0.985835,True
57546,24,1454,5315,1471,0,0.987156,True
57546,24,1455,3607,1477,0,0.989138,True
57546,24,1456,3678,1487,0,0.983899,True
57546,24,1457,5742,1506,0,0.994298,True
57546,24,1458,3518,1515,0,0.969565,True
57546,24,1459,2899,1516,0,0.99522,True
57546,24,1460,350,1547,1,0.999885,True
57546,24,1461,2109,1583,0,0.983794,True
57546,24,1462,1377,1587,0,0.987586,True
57546,24,1463,2208,1600,0,0.994388,True
57546,24,1464,4752,1624,0,0.979639,True
57546,24,1465,79,1654,0,0.978881,True
57546,24,1466,5293,1669,0,0.970386,True
57546,24,1467,5841,1714,0,0.981977,True
57546,24,1468,1123,1719,0,0.991341,True
57546,24,1469,1990,1761,0,0.995257,True
57546,24,1470,4176,1775,0,0.986122,True
57546,24,1471,5561,1781,0,0.990765,True
57546,24,1472,138,1791,0,0.97806,True
57546,24,1473,3992,1816,0,0.988951,True
57546,24,1474,2248,1842,0,0.989765,True
57546,24,1475,3001,1851,0,0.992625,True
57546,24,1476,5619,1859,0,0.99338,True
57546,24,1477,5462,1867,0,0.983065,True
57546,24,1478,5771,1891,0,0.994755,True
57546,24,1479,561,1899,0,0.981022,True
57546,24,1480,5243,1905,0,0.985926,True
57546,24,1481,4237,1908,0,0.987012,True
57546,24,1482,2870,1929,0,0.987508,True
57546,24,1483,1940,1945,0,0.988768,True
57546,24,1484,139,1955,0,0.986667,True
57546,24,1485,890,1972,0,0.981381,True
57546,24,1486,2723,1973,0,0.972839,True
57546,24,1487,4642,1995,0,0.982108,True
57546,24,1488,1456,2009,0,0.987278,True
57546,24,1489,4719,2010,0,0.993558,True
57546,24,1490,4013,2048,0,0.843953,True
57546,24,1491,5212,2101,0,0.979269,True
57546,24,1492,121,2102,0,0.965098,True
57546,24,1493,4065,2107,0,0.985314,True
57546,24,1494,5936,2117,None,None,False
57546,24,1495,4194,2118,0,0.984902,True
57546,24,1496,3015,2126,0,0.99069,True
57546,24,1497,2441,2141,0,0.988938,True
57546,24,1498,2742,2180,0,0.994604,True
57546,24,1499,2400,2188,0,0.98624,True
57546,24,1500,2347,2236,0,0.992284,True
57546,24,1501,2547,2241,0,0.970519,True
57546,24,1502,3274,2242,0,0.990013,True
57546,24,1503,4895,2250,0,0.990414,True
57546,24,1504,1178,2283,0,0.993413,True
57546,24,1505,3137,2291,0,0.989983,True
57546,24,1506,5668,2292,0,0.991964,True
57546,24,1507,5595,2328,0,0.98547,True
57546,24,1508,4135,2367,0,0.962357,True
57546,24,1509,3090,2370,0,0.966973,True
57546,24,1510,2419,2397,0,0.991362,True
57546,24,1511,3169,2412,0,0.983322,True
57546,24,1512,2231,2414,0,0.98794,True
57546,24,1513,770,2422,0,0.990856,True
57546,24,1514,4458,2438,0,0.986056,True
57546,24,1515,1267,2456,0,0.993216,True
57546,24,1516,2012,2461,0,0.988456,True
57546,24,1517,1749,2480,0,0.984412,True
57546,24,1518,3863,2501,0,0.984258,True
57546,24,1519,3331,2506,0,0.990226,True
57546,24,1520,4291,2506,0,0.990571,True
57546,24,1521,1384,2564,0,0.983759,True
57546,24,1522,259,2568,0,0.983968,True
57546,24,1523,2570,2570,0,0.990365,True
57546,24,1524,4024,2577,1,0.99924,True
57546,24,1525,5688,2598,0,0.993588,True
57546,24,1526,1277,2606,0,0.987429,True
57546,24,1527,5770,2606,0,0.987148,True
57546,24,1528,3959,2625,0,0.984284,True
57546,24,1529,343,2694,0,0.7917,True
57546,24,1530,3488,2710,0,0.985661,True
57546,24,1531,2316,2714,0,0.987984,True
57546,24,1532,2620,2725,0,0.988581,True
57546,24,1533,3568,2739,0,0.996713,True
57546,24,1534,4789,2742,0,0.987137,True
57546,24,1535,5492,2758,0,0.983451,True
57546,24,1536,2129,2759,0,0.970341,True
57546,24,1537,3720,2766,0,0.988843,True
57546,24,1538,2202,2818,0,0.988465,True
57546,24,1539,5846,2823,0,0.987644,True
57546,24,1540,2349,2825,0,0.992234,True
57546,24,1541,1027,2831,0,0.994546,True
57546,24,1542,3158,2849,0,0.992124,True
57546,24,1543,225,2853,0,0.969306,True
57546,24,1544,3407,2873,0,0.99369,True
57546,24,1545,1194,2878,0,0.983401,True
57546,24,1546,4428,2906,0,0.989172,True
57546,24,1547,3790,2913,0,0.991958,True
57546,24,1548,2561,2932,0,0.995708,True
57546,24,1549,5140,2934,0,0.989058,True
57546,24,1550,3328,2942,0,0.996187,True
57546,24,1551,2254,2949,0,0.991941,True
57546,24,1552,4220,2956,0,0.988487,True
57546,24,1553,5702,2958,0,0.964818,True
57546,24,1554,1689,2976,0,0.98991,True
57546,24,1555,2842,3009,0,0.990346,True
57546,24,1556,1132,3049,0,0.979689,True
57546,24,1557,5749,3052,0,0.987623,True
57546,24,1558,454,3056,0,0.986447,True
57546,24,1559,1583,3066,0,0.99501,True
57546,24,1560,5403,3085,0,0.982808,True
57546,24,1561,5563,3089,0,0.981121,True
57546,24,1562,2305,3100,0,0.987869,True
57546,24,1563,717,3118,0,0.986983,True
57546,24,1564,4490,3168,0,0.978447,True
57546,24,1565,1236,3198,0,0.995122,True
57546,24,1566,2191,3238,0,0.953787,True
57546,24,1567,1172,3246,0,0.988061,True
57546,24,1568,2661,3262,0,0.95856,True
57546,24,1569,364,3272,0,0.982596,True
57546,24,1570,2291,3282,0,0.97422,True
57546,24,1571,5310,3293,0,0.990939,True
57546,24,1572,1944,3332,0,0.977356,True
57546,24,1573,5366,3336,0,0.979094,True
57546,24,1574,4809,3351,1,0.993379,True
57546,24,1575,4740,3359,0,0.927262,True
57546,24,1576,3354,3369,0,0.992599,True
57546,24,1577,2231,3373,0,0.987308,True
57546,24,1578,1185,3416,0,0.99293,True
57546,24,1579,5102,3432,0,0.98401,True
57546,24,1580,621,3438,0,0.975842,True
57546,24,1581,4613,3438,0,0.989055,True
57546,24,1582,2066,3461,1,0.999357,True
57546,24,1583,1049,3469,0,0.988188,True
57546,24,1584,4674,3478,0,0.982198,True
57546,24,1585,5221,3500,0,0.992822,True
57546,24,1586,4821,3516,0,0.987817,True
57546,24,1587,1796,3525,0,0.993339,True
57546,24,1588,978,3526,0,0.98368,True
57546,24,1589,1299,3527,0,0.986372,True
57546,24,1590,5680,3571,0,0.988526,True
57546,24,1591,5896,3615,0,0.988452,True
57546,24,1592,54,3641,0,0.988903,True
57546,24,1593,2410,3641,0,0.983539,True
57546,24,1594,5053,3643,0,0.979395,True
57546,24,1595,3421,3692,0,0.981053,True
57546,24,1596,5445,3695,0,0.986262,True
57546,24,1597,878,3701,0,0.995534,True
57546,24,1598,2706,1,None,None,False
57546,24,1599,5745,17,None,None,False
57546,24,1600,1906,27,None,None,False
57546,24,1601,5523,38,0,0.990252,True
57546,24,1602,3255,56,0,0.96165,True
57546,24,1603,5871,84,0,0.990696,True
57546,24,1604,379,85,0,0.985114,True
57546,24,1605,5464,98,0,0.991934,True
57546,24,1606,2881,132,0,0.982074,True
57546,24,1607,4797,145,0,0.993068,True
57546,24,1608,1945,183,0,0.984931,True
57546,24,1609,1665,191,0,0.983159,True
57546,24,1610,50,196,0,0.988952,True
57546,24,1611,4915,217,0,0.990334,True
57546,24,1612,3401,268,0,0.896507,True
57546,24,1613,4488,270,0,0.977812,True
57546,24,1614,2717,275,0,0.980833,True
57546,24,1615,4238,279,0,0.9865,True
57546,24,1616,1753,283,0,0.989164,True
57546,24,1617,5690,284,0,0.981849,True
57546,24,1618,4440,319,1,0.953958,True
57546,24,1619,964,340,0,0.996135,True
57546,24,1620,1744,354,0,0.982644,True
57546,24,1621,4650,355,0,0.989648,True
57546,24,1622,5665,361,0,0.986087,True
57546,24,1623,3508,398,0,0.993257,True
57546,24,1624,2541,407,0,0.978847,True
57546,24,1625,508,409,0,0.989479,True
57546,24,1626,1383,413,1,0.997424,True
57546,24,1627,1124,449,0,0.970303,True
57546,24,1628,3258,449,0,0.990033,True
57546,24,1629,553,464,0,0.974472,True
57546,24,1630,424,485,0,0.765769,True
57546,24,1631,5800,485,0,0.989699,True
57546,24,1632,3319,489,0,0.770079,True
57546,24,1633,2425,526,0,0.990335,True
57546,24,1634,887,529,0,0.899496,True
57546,24,1635,2614,532,0,0.991329,True
57546,24,1636,2524,533,0,0.985592,True
57546,24,1637,5644,537,0,0.98311,True
57546,24,1638,3432,539,0,0.984894,True
57546,24,1639,1105,540,0,0.99359,True
57546,24,1640,4864,541,0,0.982406,True
57546,24,1641,4304,554,0,0.98927,True
57546,24,1642,2228,573,0,0.989084,True
57546,24,1643,1169,574,0,0.992079,True
57546,24,1644,4371,580,0,0.98858,True
57546,24,1645,4630,588,0,0.977529,True
57546,24,1646,2639,610,0,0.993095,True
57546,24,1647,5772,642,0,0.990629,True
57546,24,1648,3229,645,0,0.987625,True
57546,24,1649,3360,650,0,0.985077,True
57546,24,1650,702,700,0,0.978008,True
57546,24,1651,2272,783,0,0.993253,True
57546,24,1652,3522,814,0,0.983495,True
57546,24,1653,5186,826,0,0.816743,True
57546,24,1654,1876,842,0,0.990517,True
57546,24,1655,1441,892,0,0.987607,True
57546,24,1656,1347,897,0,0.991436,True
57546,24,1657,4605,954,0,0.986413,True
57546,24,1658,1860,993,0,0.981048,True
57546,24,1659,2498,994,0,0.989614,True
57546,24,1660,2288,996,0,0.985518,True
57546,24,1661,2209,1008,0,0.995619,True
57546,24,1662,2581,1008,0,0.978935,True
57546,24,1663,4241,1045,0,0.987243,True
57546,24,1664,4843,1118,0,0.968358,True
57546,24,1665,1320,1119,0,0.984756,True
57546,24,1666,5550,1122,0,0.988113,True
57546,24,1667,1635,1136,0,0.98746,True
57546,24,1668,1918,1142,0,0.986363,True
57546,24,1669,4579,1167,0,0.982652,True
57546,24,1670,638,1170,0,0.972659,True
57546,24,1671,4722,1176,0,0.989884,True
57546,24,1672,1172,1225,0,0.985163,True
57546,24,1673,2248,1264,0,0.997257,True
57546,24,1674,162,1275,0,0.974212,True
57546,24,1675,3180,1368,0,0.993656,True
57546,24,1676,5395,1371,0,0.984824,True
57546,24,1677,4739,1416,0,0.985765,True
57546,24,1678,1081,1456,0,0.987472,True
57546,24,1679,803,1478,0,0.98218,True
57546,24,1680,2094,1483,0,0.989602,True
57546,24,1681,3410,1500,0,0.987247,True
57546,24,1682,1010,1505,0,0.989322,True
57546,24,1683,5934,1511,None,None,False
57546,24,1684,1062,1568,0,0.994277,True
57546,24,1685,1446,1568,0,0.986962,True
57546,24,1686,2001,1587,0,0.991774,True
57546,24,1687,3784,1590,0,0.991357,True
57546,24,1688,2929,1596,0,0.996531,True
57546,24,1689,1311,1624,0,0.981417,True
57546,24,1690,3407,1672,0,0.988315,True
57546,24,1691,353,1675,0,0.98844,True
57546,24,1692,1848,1688,0,0.923997,True
57546,24,1693,1005,1693,0,0.963228,True
57546,24,1694,4277,1715,0,0.992958,True
57546,24,1695,3927,1728,0,0.964329,True
57546,24,1696,2284,1730,0,0.99376,True
57546,24,1697,4761,1733,0,0.924957,True
57546,24,1698,3534,1739,0,0.992422,True
57546,24,1699,2530,1791,0,0.989894,True
57546,24,1700,5480,1799,0,0.980234,True
57546,24,1701,540,1803,0,0.991472,True
57546,24,1702,3563,1822,0,0.986087,True
57546,24,1703,4854,1825,0,0.987507,True
57546,24,1704,5948,1846,None,None,False
57546,24,1705,1612,1860,0,0.988632,True
57546,24,1706,2306,1895,1,0.559419,True
57546,24,1707,3705,1898,0,0.989083,True
57546,24,1708,4813,1898,0,0.990745,True
57546,24,1709,1659,1916,0,0.983793,True
57546,24,1710,5331,1918,0,0.936083,True
57546,24,1711,296,1931,0,0.973601,True
57546,24,1712,2023,1934,0,0.986743,True
57546,24,1713,5046,1941,0,0.98796,True
57546,24,1714,2173,1957,0,0.980695,True
57546,24,1715,256,2005,0,0.986157,True
57546,24,1716,3280,2039,0,0.992926,True
57546,24,1717,4954,2067,0,0.976467,True
57546,24,1718,1820,2083,0,0.986814,True
57546,24,1719,5498,2100,0,0.986177,True
57546,24,1720,4659,2103,0,0.88684,True
57546,24,1721,3487,2105,0,0.991818,True
57546,24,1722,2227,2115,0,0.989377,True
57546,24,1723,3,2134,None,None,False
57546,24,1724,219,2138,0,0.970597,True
57546,24,1725,4806,2149,0,0.982388,True
57546,24,1726,5866,2157,0,0.98838,True
57546,24,1727,1537,2159,0,0.988032,True
57546,24,1728,2513,2161,0,0.975579,True
57546,24,1729,3137,2162,0,0.992739,True
57546,24,1730,1241,2164,0,0.993995,True
57546,24,1731,5262,2166,0,0.563186,True
57546,24,1732,298,2174,0,0.991444,True
57546,24,1733,1164,2176,0,0.991732,True
57546,24,1734,3387,2189,0,0.989241,True
57546,24,1735,3900,2211,0,0.993454,True
57546,24,1736,5910,2222,0,0.984798,True
57546,24,1737,2183,2244,0,0.993089,True
57546,24,1738,648,2266,0,0.989505,True
57546,24,1739,471,2274,0,0.969515,True
57546,24,1740,2399,2308,0,0.987551,True
57546,24,1741,5343,2313,0,0.976824,True
57546,24,1742,3290,2337,0,0.965409,True
57546,24,1743,3363,2376,0,0.98497,True
57546,24,1744,2363,2381,0,0.993233,True
57546,24,1745,5561,2395,0,0.976198,True
57546,24,1746,3299,2416,0,0.979802,True
57546,24,1747,159,2432,0,0.980607,True
57546,24,1748,5007,2468,0,0.982329,True
57546,24,1749,271,2482,0,0.981748,True
57546,24,1750,3728,2530,0,0.979827,True
57546,24,1751,2904,2562,0,0.989822,True
57546,24,1752,1205,2584,0,0.982102,True
57546,24,1753,1049,2588,0,0.987931,True
57546,24,1754,4562,2669,0,0.987252,True
57546,24,1755,3350,2723,0,0.974177,True
57546,24,1756,672,2741,0,0.993631,True
57546,24,1757,2552,2761,0,0.981988,True
57546,24,1758,2692,2766,0,0.986711,True
57546,24,1759,2494,2769,0,0.975185,True
57546,24,1760,3796,2774,0,0.988243,True
57546,24,1761,2924,2782,0,0.986324,True
57546,24,1762,3091,2798,0,0.985594,True
57546,24,1763,734,2821,0,0.994185,True
57546,24,1764,3032,2838,0,0.931735,True
57546,24,1765,2073,2843,0,0.988348,True
57546,24,1766,5881,2878,0,0.980515,True
57546,24,1767,2866,2884,0,0.989634,True
57546,24,1768,3506,2911,0,0.993832,True
57546,24,1769,4577,2930,0,0.98888,True
57546,24,1770,3142,2976,0,0.994781,True
57546,24,1771,2720,2978,0,0.989631,True
57546,24,1772,1425,3012,0,0.989907,True
57546,24,1773,3375,3012,0,0.992376,True
57546,24,1774,4943,3013,0,0.995957,True
57546,24,1775,5900,3054,0,0.988221,True
57546,24,1776,4031,3060,0,0.99006,True
57546,24,1777,1050,3078,0,0.993033,True
57546,24,1778,3474,3095,0,0.985411,True
57546,24,1779,2549,3108,0,0.984712,True
57546,24,1780,5871,3129,0,0.967135,True
57546,24,1781,5277,3147,0,0.988946,True
57546,24,1782,1627,3150,0,0.976242,True
57546,24,1783,839,3161,0,0.984889,True
57546,24,1784,3464,3171,0,0.988837,True
57546,24,1785,543,3189,0,0.621347,True
57546,24,1786,244,3196,0,0.970155,True
57546,24,1787,4383,3214,0,0.98289,True
57546,24,1788,5772,3217,0,0.730555,True
57546,24,1789,3630,3226,0,0.982524,True
57546,24,1790,2718,3241,0,0.943886,True
57546,24,1791,5012,3243,0,0.960659,True
57546,24,1792,2941,3251,0,0.99449,True
57546,24,1793,3698,3252,1,0.999997,True
57546,24,1794,4128,3276,0,0.976434,True
57546,24,1795,1710,3292,0,0.97248,True
57546,24,1796,775,3351,0,0.988395,True
57546,24,1797,4441,3371,0,0.992461,True
57546,24,1798,2778,3396,0,0.99584,True
57546,24,1799,848,3438,0,0.978535,True
57546,24,1800,2230,3449,0,0.989732,True
57546,24,1801,1127,3468,0,0.963103,True
57546,24,1802,548,3481,0,0.984221,True
57546,24,1803,5720,3507,0,0.955247,True
57546,24,1804,3749,3521,0,0.988639,True
57546,24,1805,339,3522,0,0.985791,True
57546,24,1806,3132,3525,0,0.988505,True
57546,24,1807,1122,3548,0,0.990841,True
57546,24,1808,1870,3549,0,0.98583,True
57546,24,1809,2509,3562,0,0.979011,True
57546,24,1810,1939,3575,0,0.982955,True
57546,24,1811,5342,3592,0,0.986566,True
57546,24,1812,1710,3607,0,0.978314,True
57546,24,1813,1158,3630,0,0.978949,True
57546,24,1814,2362,3688,0,0.987845,True
57546,24,1815,1924,3693,0,0.989174,True
57546,24,1816,1120,3710,None,None,False
57546,24,1817,1570,3710,None,None,False
57546,24,1818,3747,3720,None,None,False
57546,24,1819,1756,10,None,None,False
57546,24,1820,157,20,None,None,False
57546,24,1821,3578,25,None,None,False
57546,24,1822,5790,94,0,0.988152,True
57546,24,1823,774,97,0,0.987553,True
57546,24,1824,1477,107,0,0.9773,True
57546,24,1825,1549,112,0,0.989739,True
57546,24,1826,3158,125,0,0.992307,True
57546,24,1827,3174,187,0,0.984266,True
57546,24,1828,1881,221,0,0.986824,True
57546,24,1829,1800,230,0,0.992562,True
57546,24,1830,2519,242,0,0.996133,True
57546,24,1831,3595,246,0,0.994117,True
57546,24,1832,2424,249,0,0.977438,True
57546,24,1833,5350,251,0,0.990818,True
57546,24,1834,3703,260,0,0.968929,True
57546,24,1835,197,269,0,0.986741,True
57546,24,1836,493,273,1,0.921937,True
57546,24,1837,48,276,0,0.978855,True
57546,24,1838,122,297,0,0.992114,True
57546,24,1839,2792,300,0,0.984799,True
57546,24,1840,1419,341,0,0.986369,True
57546,24,1841,3250,371,0,0.981837,True
57546,24,1842,3852,379,0,0.966015,True
57546,24,1843,763,381,0,0.988796,True
57546,24,1844,1015,406,0,0.981457,True
57546,24,1845,141,422,0,0.977387,True
57546,24,1846,4564,423,0,0.980976,True
57546,24,1847,4765,423,0,0.984997,True
57546,24,1848,3455,464,1,0.995171,True
57546,24,1849,3831,471,1,0.978541,True
57546,24,1850,4056,531,0,0.963569,True
57546,24,1851,2116,581,0,0.80436,True
57546,24,1852,3289,584,0,0.989448,True
57546,24,1853,1585,623,0,0.990441,True
57546,24,1854,2755,631,0,0.985421,True
57546,24,1855,3151,694,0,0.991437,True
57546,24,1856,4243,737,0,0.992405,True
57546,24,1857,4671,743,0,0.995455,True
57546,24,1858,1597,858,0,0.98579,True
57546,24,1859,1162,880,0,0.978967,True
57546,24,1860,3314,922,0,0.976551,True
57546,24,1861,4287,931,0,0.988373,True
57546,24,1862,5861,947,0,0.979188,True
57546,24,1863,1153,948,0,0.984107,True
57546,24,1864,680,995,1,0.999087,True
57546,24,1865,4426,1011,0,0.984488,True
57546,24,1866,3031,1018,0,0.939677,True
57546,24,1867,2886,1092,0,0.994323,True
57546,24,1868,2038,1120,0,0.973114,True
57546,24,1869,2967,1122,0,0.98909,True
57546,24,1870,3777,1131,0,0.995007,True
57546,24,1871,749,1137,1,0.99998,True
57546,24,1872,1007,1154,0,0.99591,True
57546,24,1873,2836,1159,0,0.980397,True
57546,24,1874,204,1163,0,0.986339,True
57546,24,1875,3350,1167,0,0.984459,True
57546,24,1876,4638,1185,0,0.972769,True
57546,24,1877,4217,1225,0,0.986157,True
57546,24,1878,2546,1234,0,0.990229,True
57546,24,1879,847,1296,0,0.987571,True
57546,24,1880,5696,1307,0,0.989068,True
57546,24,1881,2669,1315,0,0.986934,True
57546,24,1882,3110,1323,0,0.99508,True
57546,24,1883,2102,1354,0,0.982257,True
57546,24,1884,1441,1363,0,0.989266,True
57546,24,1885,5015,1378,0,0.99241,True
57546,24,1886,685,1397,0,0.984079,True
57546,24,1887,2842,1406,0,0.991411,True
57546,24,1888,82,1423,0,0.976365,True
57546,24,1889,5934,1427,None,None,False
57546,24,1890,3008,1438,0,0.992615,True
57546,24,1891,509,1507,1,0.999999,True
57546,24,1892,3455,1536,0,0.99161,True
57546,24,1893,3341,1546,0,0.983706,True
57546,24,1894,112,1571,0,0.978614,True
57546,24,1895,3216,1577,0,0.974423,True
57546,24,1896,1128,1630,0,0.987626,True
57546,24,1897,1910,1661,0,0.969164,True
57546,24,1898,1191,1760,0,0.987148,True
57546,24,1899,2214,1770,0,0.990442,True
57546,24,1900,2405,1789,0,0.985093,True
57546,24,1901,989,1803,0,0.966981,True
57546,24,1902,4243,1822,0,0.989094,True
57546,24,1903,3638,1824,0,0.987771,True
57546,24,1904,2513,1854,0,0.984095,True
57546,24,1905,1533,1890,0,0.964966,True
57546,24,1906,639,1894,1,0.998136,True
57546,24,1907,739,1919,0,0.934848,True
57546,24,1908,5515,1920,0,0.991724,True
57546,24,1909,5575,1928,0,0.983848,True
57546,24,1910,2230,1997,0,0.929898,True
57546,24,1911,182,2000,0,0.966523,True
57546,24,1912,366,2058,0,0.967497,True
57546,24,1913,2308,2080,0,0.98906,True
57546,24,1914,2375,2086,0,0.975303,True
57546,24,1915,661,2100,0,0.973285,True
57546,24,1916,1598,2124,0,0.992731,True
57546,24,1917,781,2163,0,0.991663,True
57546,24,1918,5602,2177,0,0.886789,True
57546,24,1919,5796,2196,0,0.990128,True
57546,24,1920,128,2204,0,0.958113,True
57546,24,1921,3450,2204,0,0.989072,True
57546,24,1922,3097,2230,0,0.980768,True
57546,24,1923,1251,2304,0,0.988847,True
57546,24,1924,4361,2325,0,0.983533,True
57546,24,1925,5942,2358,None,None,False
57546,24,1926,844,2435,0,0.980076,True
57546,24,1927,782,2504,0,0.983992,True
57546,24,1928,3782,2526,0,0.919333,True
57546,24,1929,5060,2602,0,0.992459,True
57546,24,1930,3806,2642,0,0.987809,True
57546,24,1931,3029,2644,0,0.991498,True
57546,24,1932,4152,2657,0,0.985242,True
57546,24,1933,4974,2687,0,0.994831,True
57546,24,1934,2445,2690,0,0.9436,True
57546,24,1935,5658,2723,1,1.0,True
57546,24,1936,881,2728,0,0.985608,True
57546,24,1937,3867,2741,0,0.981681,True
57546,24,1938,739,2746,0,0.979462,True
57546,24,1939,3648,2752,0,0.988932,True
57546,24,1940,590,2773,0,0.988987,True
57546,24,1941,1718,2800,0,0.99082,True
57546,24,1942,735,2905,0,0.975885,True
57546,24,1943,1329,2907,0,0.984476,True
57546,24,1944,5954,2926,None,None,False
57546,24,1945,386,2928,0,0.991399,True
57546,24,1946,1367,2952,0,0.98135,True
57546,24,1947,2501,3014,0,0.986432,True
57546,24,1948,3698,3042,0,0.988251,True
57546,24,1949,2482,3089,0,0.989784,True
57546,24,1950,2970,3092,0,0.995209,True
57546,24,1951,1938,3093,0,0.983536,True
57546,24,1952,5803,3103,0,0.981235,True
57546,24,1953,226,3111,0,0.987341,True
57546,24,1954,5031,3115,0,0.989076,True
57546,24,1955,2872,3120,0,0.987643,True
57546,24,1956,4848,3150,0,0.97061,True
57546,24,1957,2369,3163,0,0.988851,True
57546,24,1958,3845,3165,0,0.988608,True
57546,24,1959,3258,3184,0,0.993259,True
57546,24,1960,4981,3184,0,0.992319,True
57546,24,1961,1744,3226,0,0.982098,True
57546,24,1962,4227,3226,1,0.778859,True
57546,24,1963,2540,3291,0,0.987617,True
57546,24,1964,3410,3308,0,0.990714,True
57546,24,1965,5560,3335,0,0.984059,True
57546,24,1966,2591,3350,0,0.975656,True
57546,24,1967,646,3358,0,0.946803,True
57546,24,1968,4863,3381,0,0.974556,True
57546,24,1969,2504,3396,0,0.963823,True
57546,24,1970,1286,3413,0,0.977831,True
57546,24,1971,3619,3457,0,0.979829,True
57546,24,1972,5338,3479,0,0.993675,True
57546,24,1973,2485,3504,1,0.994901,True
57546,24,1974,2689,3527,0,0.993531,True
57546,24,1975,3691,3531,0,0.98881,True
57546,24,1976,4001,3541,1,0.999858,True
57546,24,1977,4228,3548,0,0.987543,True
57546,24,1978,2785,3565,0,0.987564,True
57546,24,1979,3173,3590,0,0.989313,True
57546,24,1980,4777,3614,0,0.992144,True
57546,24,1981,3836,3626,0,0.993431,True
57546,24,1982,1986,3664,0,0.980101,True
57546,24,1983,3869,3676,0,0.988967,True
57546,24,1984,3948,3695,0,0.98974,True
57546,24,1985,4314,3710,None,None,False
57546,24,1986,1811,3719,None,None,False
57546,24,1987,5055,17,None,None,False
57546,24,1988,2569,21,None,None,False
57546,24,1989,678,22,None,None,False
57546,24,1990,3809,30,None,None,False
57546,24,1991,4271,57,0,0.988325,True
57546,24,1992,1136,68,0,0.982801,True
57546,24,1993,323,69,0,0.991819,True
57546,24,1994,3684,121,0,0.985975,True
57546,24,1995,5932,137,None,None,False
57546,24,1996,3061,144,0,0.985705,True
57546,24,1997,2020,151,0,0.995484,True
57546,24,1998,737,161,0,0.846635,True
57546,24,1999,5958,220,None,None,False
57546,24,2000,3202,315,0,0.987426,True
57546,24,2001,4071,322,0,0.980731,True
57546,24,2002,1502,342,0,0.992997,True
57546,24,2003,1561,364,0,0.989753,True
57546,24,2004,78,371,0,0.993296,True
57546,24,2005,903,387,0,0.990246,True
57546,24,2006,4029,454,0,0.986217,True
57546,24,2007,1763,460,0,0.984038,True
57546,24,2008,4801,504,0,0.979625,True
57546,24,2009,2804,527,0,0.985942,True
57546,24,2010,448,567,1,0.598977,True
57546,24,2011,314,581,0,0.981451,True
57546,24,2012,11,598,None,None,False
57546,24,2013,4196,612,0,0.977881,True
57546,24,2014,5698,615,1,0.992668,True
57546,24,2015,2207,639,0,0.992393,True
57546,24,2016,2352,652,0,0.986015,True
57546,24,2017,2133,659,0,0.98913,True
57546,24,2018,583,725,0,0.869782,True
57546,24,2019,2481,741,0,0.993707,True
57546,24,2020,1542,791,0,0.993434,True
57546,24,2021,4163,832,0,0.972209,True
57546,24,2022,2067,842,0,0.98902,True
57546,24,2023,722,907,0,0.98836,True
57546,24,2024,2687,984,0,0.993941,True
57546,24,2025,1513,1012,0,0.984483,True
57546,24,2026,125,1042,0,0.990863,True
57546,24,2027,1572,1050,0,0.992664,True
57546,24,2028,2795,1090,1,0.707459,True
57546,24,2029,70,1114,0,0.982494,True
57546,24,2030,4532,1126,0,0.990611,True
57546,24,2031,583,1144,0,0.990301,True
57546,24,2032,1314,1306,0,0.977763,True
57546,24,2033,5329,1352,0,0.991147,True
57546,24,2034,43,1374,1,0.999561,True
57546,24,2035,1523,1399,0,0.548867,True
57546,24,2036,492,1449,0,0.976862,True
57546,24,2037,5797,1457,0,0.989898,True
57546,24,2038,942,1479,0,0.954033,True
57546,24,2039,120,1480,0,0.965132,True
57546,24,2040,1143,1510,0,0.992731,True
57546,24,2041,5504,1552,0,0.973457,True
57546,24,2042,5138,1631,0,0.982982,True
57546,24,2043,2439,1643,0,0.93107,True
57546,24,2044,182,1677,0,0.989863,True
57546,24,2045,835,1681,0,0.97456,True
57546,24,2046,211,1734,0,0.979862,True
57546,24,2047,2475,1763,0,0.982734,True
57546,24,2048,1269,1770,0,0.955698,True
57546,24,2049,445,1794,0,0.979301,True
57546,24,2050,3232,1924,0,0.987338,True
57546,24,2051,5432,1931,0,0.990042,True
57546,24,2052,372,1948,0,0.991999,True
57546,24,2053,4987,1973,0,0.974292,True
57546,24,2054,5392,1980,0,0.986933,True
57546,24,2055,3384,1991,0,0.992373,True
57546,24,2056,435,2000,0,0.984161,True
57546,24,2057,612,2058,0,0.97156,True
57546,24,2058,719,2058,0,0.988874,True
57546,24,2059,313,2086,0,0.991484,True
57546,24,2060,4130,2088,0,0.98371,True
57546,24,2061,2154,2100,0,0.993625,True
57546,24,2062,5639,2107,0,0.992193,True
57546,24,2063,3990,2136,0,0.986545,True
57546,24,2064,1474,2168,0,0.994053,True
57546,24,2065,4864,2184,0,0.981348,True
57546,24,2066,4791,2228,0,0.995248,True
57546,24,2067,2010,2231,0,0.982185,True
57546,24,2068,525,2236,0,0.99303,True
57546,24,2069,221,2277,0,0.984821,True
57546,24,2070,1878,2306,0,0.979567,True
57546,24,2071,2448,2321,0,0.986521,True
57546,24,2072,4862,2408,0,0.983386,True
57546,24,2073,4378,2436,0,0.990639,True
57546,24,2074,5955,2451,None,None,False
57546,24,2075,462,2462,0,0.916383,True
57546,24,2076,3249,2501,0,0.99203,True
57546,24,2077,4583,2515,0,0.992463,True
57546,24,2078,4504,2526,0,0.969536,True
57546,24,2079,2402,2551,0,0.987433,True
57546,24,2080,4505,2621,0,0.973841,True
57546,24,2081,2183,2628,0,0.989636,True
57546,24,2082,5949,2771,None,None,False
57546,24,2083,827,2815,0,0.98165,True
57546,24,2084,5936,2840,None,None,False
57546,24,2085,1751,2897,0,0.977374,True
57546,24,2086,2704,2914,0,0.992651,True
57546,24,2087,3864,2951,0,0.985461,True
57546,24,2088,1772,2986,0,0.987805,True
57546,24,2089,968,3001,0,0.982009,True
57546,24,2090,5677,3022,0,0.992626,True
57546,24,2091,4107,3071,0,0.975921,True
57546,24,2092,4606,3072,0,0.991197,True
57546,24,2093,3057,3081,0,0.994673,True
57546,24,2094,5654,3097,0,0.991077,True
57546,24,2095,3124,3114,0,0.983319,True
57546,24,2096,1755,3158,0,0.991641,True
57546,24,2097,318,3162,0,0.980852,True
57546,24,2098,4681,3164,1,0.999172,True
57546,24,2099,769,3189,0,0.987748,True
57546,24,2100,2320,3216,0,0.97725,True
57546,24,2101,1640,3276,0,0.988561,True
57546,24,2102,1309,3310,0,0.979154,True
57546,24,2103,2661,3337,0,0.990151,True
57546,24,2104,918,3374,0,0.978271,True
57546,24,2105,5735,3375,0,0.990455,True
57546,24,2106,26,3389,None,None,False
57546,24,2107,5802,3402,0,0.988292,True
57546,24,2108,5674,3404,0,0.984727,True
57546,24,2109,1822,3431,0,0.919414,True
57546,24,2110,3212,3450,0,0.994611,True
57546,24,2111,143,3507,0,0.984598,True
57546,24,2112,3828,3511,0,0.987229,True
57546,24,2113,3497,3576,0,0.985248,True
57546,24,2114,5664,3714,None,None,False
57546,24,2115,3216,8,None,None,False
57546,24,2116,5252,25,None,None,False
57546,24,2117,108,66,0,0.953198,True
57546,24,2118,3313,77,0,0.984371,True
57546,24,2119,2804,110,0,0.989708,True
57546,24,2120,2253,426,0,0.980748,True
57546,24,2121,3384,435,0,0.984727,True
57546,24,2122,3900,441,0,0.98488,True
57546,24,2123,680,489,0,0.971998,True
57546,24,2124,3140,511,0,0.972958,True
57546,24,2125,4729,544,0,0.978858,True
57546,24,2126,5933,635,None,None,False
57546,24,2127,1287,647,0,0.963275,True
57546,24,2128,634,661,0,0.969191,True
57546,24,2129,1215,679,1,0.990556,True
57546,24,2130,2111,757,0,0.828602,True
57546,24,2131,1,795,None,None,False
57546,24,2132,355,844,0,0.985259,True
57546,24,2133,1102,863,0,0.985356,True
57546,24,2134,5893,864,0,0.987039,True
57546,24,2135,1746,875,0,0.926148,True
57546,24,2136,3810,905,0,0.994665,True
57546,24,2137,1121,1018,0,0.961078,True
57546,24,2138,79,1180,0,0.982817,True
57546,24,2139,2005,1187,1,0.954687,True
57546,24,2140,5834,1304,0,0.98905,True
57546,24,2141,1031,1365,0,0.989641,True
57546,24,2142,974,1371,0,0.984964,True
57546,24,2143,559,1387,0,0.990924,True
57546,24,2144,5084,1394,0,0.981218,True
57546,24,2145,1574,1508,1,0.999984,True
57546,24,2146,5577,1547,0,0.987012,True
57546,24,2147,4056,1561,0,0.994345,True
57546,24,2148,1516,1713,0,0.993379,True
57546,24,2149,124,1860,0,0.977442,True
57546,24,2150,2099,1939,0,0.989704,True
57546,24,2151,5649,1969,0,0.993272,True
57546,24,2152,4577,2008,0,0.978434,True
57546,24,2153,5957,2010,None,None,False
57546,24,2154,1076,2016,0,0.994967,True
57546,24,2155,90,2048,1,0.996359,True
57546,24,2156,677,2157,0,0.877706,True
57546,24,2157,310,2234,0,0.98643,True
57546,24,2158,592,2327,0,0.952346,True
57546,24,2159,249,2347,0,0.987351,True
57546,24,2160,390,2457,0,0.937112,True
57546,24,2161,3669,2478,0,0.980284,True
57546,24,2162,3520,2479,0,0.985831,True
57546,24,2163,891,2536,0,0.84236,True
57546,24,2164,109,2570,0,0.978303,True
57546,24,2165,3130,2628,0,0.992153,True
57546,24,2166,4842,2689,0,0.986216,True
57546,24,2167,2752,2824,0,0.99001,True
57546,24,2168,804,2916,0,0.99014,True
57546,24,2169,934,2953,0,0.98794,True
57546,24,2170,3733,2976,0,0.991564,True
57546,24,2171,1895,3036,0,0.985557,True
57546,24,2172,3909,3127,0,0.987134,True
57546,24,2173,4911,3167,0,0.93264,True
57546,24,2174,3414,3235,0,0.969289,True
57546,24,2175,1595,3334,0,0.971715,True
57546,24,2176,4469,3444,0,0.99062,True
57546,24,2177,1252,3478,0,0.941731,True
57546,24,2178,4749,3505,0,0.982222,True
57546,24,2179,749,3521,0,0.982788,True
57546,24,2180,5943,3551,None,None,False
57546,24,2181,2476,3656,0,0.972826,True
57546,24,2182,242,3665,0,0.96754,True
57546,24,2183,267,3719,None,None,False
57546,24,2184,2537,3724,None,None,False
57546,24,2185,1705,3727,None,None,False
57546,24,2186,2051,3727,None,None,False
57546,24,2187,1243,3735,None,None,False
57546,24,2188,2082,5,None,None,False
57546,24,2189,801,16,None,None,False
57546,24,2190,5399,22,None,None,False
57546,24,2191,2617,103,0,0.988078,True
57546,24,2192,2610,178,1,0.723217,True
57546,24,2193,2640,210,0,0.982354,True
57546,24,2194,266,249,0,0.989281,True
57546,24,2195,3349,309,0,0.987306,True
57546,24,2196,3964,438,0,0.988139,True
57546,24,2197,40,739,0,0.996635,True
57546,24,2198,1062,793,0,0.97369,True
57546,24,2199,563,839,0,0.974135,True
57546,24,2200,1284,869,0,0.987286,True
57546,24,2201,4979,953,0,0.98776,True
57546,24,2202,450,1074,0,0.9822,True
57546,24,2203,8,1102,None,None,False
57546,24,2204,5958,1106,None,None,False
57546,24,2205,2656,1242,0,0.989308,True
57546,24,2206,1984,1255,0,0.991029,True
57546,24,2207,5938,1336,None,None,False
57546,24,2208,874,1464,0,0.985457,True
57546,24,2209,700,1528,0,0.985767,True
57546,24,2210,564,1540,0,0.972612,True
57546,24,2211,2,1569,None,None,False
57546,24,2212,5620,1607,0,0.988988,True
57546,24,2213,634,1611,0,0.990786,True
57546,24,2214,2713,1779,0,0.987873,True
57546,24,2215,2360,1846,0,0.988016,True
57546,24,2216,4003,1893,0,0.965564,True
57546,24,2217,1459,1926,0,0.986598,True
57546,24,2218,4536,1956,0,0.989339,True
57546,24,2219,5549,2066,0,0.992459,True
57546,24,2220,3,2269,None,None,False
57546,24,2221,420,2325,0,0.931232,True
57546,24,2222,521,2349,0,0.965775,True
57546,24,2223,5454,2422,0,0.990529,True
57546,24,2224,979,2697,0,0.973799,True
57546,24,2225,516,2748,0,0.981252,True
57546,24,2226,1057,2954,0,0.965932,True
57546,24,2227,3975,3115,0,0.980916,True
57546,24,2228,5943,3180,None,None,False
57546,24,2229,5907,3264,0,0.984753,True
57546,24,2230,195,3365,0,0.988062,True
57546,24,2231,1431,3439,0,0.94786,True
57546,24,2232,5820,3626,0,0.985852,True
57546,24,2233,796,3693,0,0.982383,True
57546,24,2234,159,3701,1,0.99965,True
57546,24,2235,2710,3722,None,None,False
57546,24,2236,2983,2,None,None,False
57546,24,2237,3062,50,0,0.976957,True
57546,24,2238,1220,848,0,0.984728,True
57546,24,2239,5679,1608,0,0.986374,True
57546,24,2240,707,1646,0,0.881017,True
57546,24,2241,1981,1654,0,0.984877,True
57546,24,2242,4506,1970,0,0.98796,True
57546,24,2243,827,2015,0,0.993069,True
57546,24,2244,607,2153,1,0.885622,True
57546,24,2245,877,2487,0,0.983425,True
57546,24,2246,352,2629,0,0.976982,True
57546,24,2247,2726,2846,0,0.987875,True
57546,24,2248,867,2931,0,0.987284,True
57546,24,2249,3130,3084,0,0.990746,True
57546,24,2250,5768,3461,0,0.976321,True
57546,24,2251,4517,3717,None,None,False
57546,24,2252,3493,3729,None,None,False
57546,24,2253,3357,3733,None,None,False
57546,24,2254,3144,1,None,None,False
57546,24,2255,3750,14,None,None,False
57546,24,2256,26,2799,None,None,False
57546,24,2257,2752,2866,0,0.991002,True
57546,24,2258,9,3038,None,None,False
57546,24,2259,2303,3727,None,None,False
